d3mIndex,tpep_pickup_datetime,num_pickups
0,2018-01-01 00:00:00,67
1,2018-01-01 01:00:00,8
2,2018-01-01 02:00:00,0
3,2018-01-01 03:00:00,0
4,2018-01-01 04:00:00,7
5,2018-01-01 05:00:00,10
6,2018-01-01 06:00:00,9
7,2018-01-01 07:00:00,28
8,2018-01-01 08:00:00,157
9,2018-01-01 09:00:00,259
10,2018-01-01 10:00:00,301
11,2018-01-01 11:00:00,436
12,2018-01-01 12:00:00,369
13,2018-01-01 13:00:00,347
14,2018-01-01 14:00:00,494
15,2018-01-01 15:00:00,544
16,2018-01-01 16:00:00,467
17,2018-01-01 17:00:00,690
18,2018-01-01 18:00:00,461
19,2018-01-01 19:00:00,465
20,2018-01-01 20:00:00,451
21,2018-01-01 21:00:00,556
22,2018-01-01 22:00:00,570
23,2018-01-01 23:00:00,499
24,2018-01-02 00:00:00,399
25,2018-01-02 01:00:00,13
26,2018-01-02 02:00:00,17
27,2018-01-02 03:00:00,1
28,2018-01-02 04:00:00,1
29,2018-01-02 05:00:00,8
30,2018-01-02 06:00:00,18
31,2018-01-02 07:00:00,203
32,2018-01-02 08:00:00,359
33,2018-01-02 09:00:00,641
34,2018-01-02 10:00:00,447
35,2018-01-02 11:00:00,598
36,2018-01-02 12:00:00,425
37,2018-01-02 13:00:00,475
38,2018-01-02 14:00:00,572
39,2018-01-02 15:00:00,432
40,2018-01-02 16:00:00,526
41,2018-01-02 17:00:00,577
42,2018-01-02 18:00:00,573
43,2018-01-02 19:00:00,537
44,2018-01-02 20:00:00,464
45,2018-01-02 21:00:00,549
46,2018-01-02 22:00:00,491
47,2018-01-02 23:00:00,394
48,2018-01-03 00:00:00,316
49,2018-01-03 01:00:00,120
50,2018-01-03 02:00:00,11
51,2018-01-03 03:00:00,1
52,2018-01-03 04:00:00,2
53,2018-01-03 05:00:00,9
54,2018-01-03 06:00:00,29
55,2018-01-03 07:00:00,115
56,2018-01-03 08:00:00,342
57,2018-01-03 09:00:00,473
58,2018-01-03 10:00:00,541
59,2018-01-03 11:00:00,471
60,2018-01-03 12:00:00,317
61,2018-01-03 13:00:00,390
62,2018-01-03 14:00:00,478
63,2018-01-03 15:00:00,438
64,2018-01-03 16:00:00,568
65,2018-01-03 17:00:00,581
66,2018-01-03 18:00:00,545
67,2018-01-03 19:00:00,451
68,2018-01-03 20:00:00,328
69,2018-01-03 21:00:00,269
70,2018-01-03 22:00:00,302
71,2018-01-03 23:00:00,151
72,2018-01-04 00:00:00,139
73,2018-01-04 01:00:00,3
74,2018-01-04 02:00:00,1
75,2018-01-04 03:00:00,0
76,2018-01-04 04:00:00,4
77,2018-01-04 05:00:00,8
78,2018-01-04 06:00:00,21
79,2018-01-04 07:00:00,14
80,2018-01-04 08:00:00,14
81,2018-01-04 09:00:00,10
82,2018-01-04 10:00:00,12
83,2018-01-04 11:00:00,9
84,2018-01-04 12:00:00,12
85,2018-01-04 13:00:00,20
86,2018-01-04 14:00:00,11
87,2018-01-04 15:00:00,18
88,2018-01-04 16:00:00,4
89,2018-01-04 17:00:00,9
90,2018-01-04 18:00:00,9
91,2018-01-04 19:00:00,4
92,2018-01-04 20:00:00,0
93,2018-01-04 21:00:00,3
94,2018-01-04 22:00:00,1
95,2018-01-04 23:00:00,34
96,2018-01-05 00:00:00,202
97,2018-01-05 01:00:00,79
98,2018-01-05 02:00:00,21
99,2018-01-05 03:00:00,6
100,2018-01-05 04:00:00,7
101,2018-01-05 05:00:00,3
102,2018-01-05 06:00:00,18
103,2018-01-05 07:00:00,46
104,2018-01-05 08:00:00,53
105,2018-01-05 09:00:00,139
106,2018-01-05 10:00:00,349
107,2018-01-05 11:00:00,180
108,2018-01-05 12:00:00,401
109,2018-01-05 13:00:00,306
110,2018-01-05 14:00:00,342
111,2018-01-05 15:00:00,359
112,2018-01-05 16:00:00,431
113,2018-01-05 17:00:00,474
114,2018-01-05 18:00:00,491
115,2018-01-05 19:00:00,498
116,2018-01-05 20:00:00,491
117,2018-01-05 21:00:00,607
118,2018-01-05 22:00:00,378
119,2018-01-05 23:00:00,453
120,2018-01-06 00:00:00,287
121,2018-01-06 01:00:00,17
122,2018-01-06 02:00:00,2
123,2018-01-06 03:00:00,0
124,2018-01-06 04:00:00,19
125,2018-01-06 05:00:00,24
126,2018-01-06 06:00:00,27
127,2018-01-06 07:00:00,31
128,2018-01-06 08:00:00,106
129,2018-01-06 09:00:00,169
130,2018-01-06 10:00:00,372
131,2018-01-06 11:00:00,326
132,2018-01-06 12:00:00,301
133,2018-01-06 13:00:00,339
134,2018-01-06 14:00:00,276
135,2018-01-06 15:00:00,414
136,2018-01-06 16:00:00,314
137,2018-01-06 17:00:00,410
138,2018-01-06 18:00:00,291
139,2018-01-06 19:00:00,351
140,2018-01-06 20:00:00,335
141,2018-01-06 21:00:00,292
142,2018-01-06 22:00:00,246
143,2018-01-06 23:00:00,268
144,2018-01-07 00:00:00,193
145,2018-01-07 01:00:00,43
146,2018-01-07 02:00:00,23
147,2018-01-07 03:00:00,2
148,2018-01-07 04:00:00,16
149,2018-01-07 05:00:00,21
150,2018-01-07 06:00:00,11
151,2018-01-07 07:00:00,30
152,2018-01-07 08:00:00,79
153,2018-01-07 09:00:00,220
154,2018-01-07 10:00:00,251
155,2018-01-07 11:00:00,270
156,2018-01-07 12:00:00,367
157,2018-01-07 13:00:00,333
158,2018-01-07 14:00:00,558
159,2018-01-07 15:00:00,466
160,2018-01-07 16:00:00,557
161,2018-01-07 17:00:00,512
162,2018-01-07 18:00:00,550
163,2018-01-07 19:00:00,668
164,2018-01-07 20:00:00,463
165,2018-01-07 21:00:00,662
166,2018-01-07 22:00:00,517
167,2018-01-07 23:00:00,520
168,2018-01-08 00:00:00,281
169,2018-01-08 01:00:00,27
170,2018-01-08 02:00:00,14
171,2018-01-08 03:00:00,1
172,2018-01-08 04:00:00,1
173,2018-01-08 05:00:00,18
174,2018-01-08 06:00:00,23
175,2018-01-08 07:00:00,257
176,2018-01-08 08:00:00,422
177,2018-01-08 09:00:00,630
178,2018-01-08 10:00:00,561
179,2018-01-08 11:00:00,543
180,2018-01-08 12:00:00,504
181,2018-01-08 13:00:00,404
182,2018-01-08 14:00:00,487
183,2018-01-08 15:00:00,473
184,2018-01-08 16:00:00,526
185,2018-01-08 17:00:00,445
186,2018-01-08 18:00:00,411
187,2018-01-08 19:00:00,310
188,2018-01-08 20:00:00,425
189,2018-01-08 21:00:00,482
190,2018-01-08 22:00:00,345
191,2018-01-08 23:00:00,4
192,2018-02-14 05:00:00,1
193,2018-02-14 06:00:00,1
194,2018-02-14 07:00:00,1
195,2018-02-14 08:00:00,0
196,2018-02-14 09:00:00,0
197,2018-02-14 10:00:00,0
198,2018-02-14 11:00:00,0
199,2018-02-14 12:00:00,0
200,2018-02-14 13:00:00,105
201,2018-02-14 14:00:00,328
202,2018-02-14 15:00:00,543
203,2018-02-14 16:00:00,580
204,2018-02-14 17:00:00,533
205,2018-02-14 18:00:00,609
206,2018-02-14 19:00:00,609
207,2018-02-14 20:00:00,491
208,2018-02-14 21:00:00,613
209,2018-02-14 22:00:00,239
210,2018-02-14 23:00:00,389
211,2018-02-15 00:00:00,59
212,2018-02-15 01:00:00,1
213,2018-02-15 02:00:00,0
214,2018-02-15 03:00:00,0
215,2018-02-15 04:00:00,3
216,2018-02-15 05:00:00,4
217,2018-02-15 06:00:00,28
218,2018-02-15 07:00:00,209
219,2018-02-15 08:00:00,297
220,2018-02-15 09:00:00,459
221,2018-02-15 10:00:00,478
222,2018-02-15 11:00:00,409
223,2018-02-15 12:00:00,520
224,2018-02-15 13:00:00,450
225,2018-02-15 14:00:00,444
226,2018-02-15 15:00:00,497
227,2018-02-15 16:00:00,578
228,2018-02-15 17:00:00,629
229,2018-02-15 18:00:00,609
230,2018-02-15 19:00:00,703
231,2018-02-15 20:00:00,611
232,2018-02-15 21:00:00,723
233,2018-02-15 22:00:00,546
234,2018-02-15 23:00:00,463
235,2018-02-16 00:00:00,147
236,2018-02-16 01:00:00,0
237,2018-02-16 02:00:00,10
238,2018-02-16 03:00:00,0
239,2018-02-16 04:00:00,3
240,2018-02-16 05:00:00,7
241,2018-02-16 06:00:00,30
242,2018-02-16 07:00:00,204
243,2018-02-16 08:00:00,264
244,2018-02-16 09:00:00,450
245,2018-02-16 10:00:00,451
246,2018-02-16 11:00:00,452
247,2018-02-16 12:00:00,567
248,2018-02-16 13:00:00,559
249,2018-02-16 14:00:00,620
250,2018-02-16 15:00:00,493
251,2018-02-16 16:00:00,569
252,2018-02-16 17:00:00,696
253,2018-02-16 18:00:00,532
254,2018-02-16 19:00:00,581
255,2018-02-16 20:00:00,631
256,2018-02-16 21:00:00,663
257,2018-02-16 22:00:00,692
258,2018-02-16 23:00:00,427
259,2018-02-17 00:00:00,209
260,2018-02-17 01:00:00,22
261,2018-02-17 02:00:00,0
262,2018-02-17 03:00:00,0
263,2018-02-17 04:00:00,2
264,2018-02-17 05:00:00,3
265,2018-02-17 06:00:00,4
266,2018-02-17 07:00:00,35
267,2018-02-17 08:00:00,93
268,2018-02-17 09:00:00,199
269,2018-02-17 10:00:00,399
270,2018-02-17 11:00:00,301
271,2018-02-17 12:00:00,272
272,2018-02-17 13:00:00,275
273,2018-02-17 14:00:00,294
274,2018-02-17 15:00:00,367
275,2018-02-17 16:00:00,225
276,2018-02-17 17:00:00,205
277,2018-02-17 18:00:00,250
278,2018-02-17 19:00:00,254
279,2018-02-17 20:00:00,92
280,2018-02-17 21:00:00,59
281,2018-02-17 22:00:00,148
282,2018-02-17 23:00:00,111
283,2018-02-18 00:00:00,42
284,2018-02-18 01:00:00,3
285,2018-02-18 02:00:00,2
286,2018-02-18 03:00:00,25
287,2018-02-18 04:00:00,25
288,2018-02-18 05:00:00,11
289,2018-02-18 06:00:00,12
290,2018-02-18 07:00:00,15
291,2018-02-18 08:00:00,104
292,2018-02-18 09:00:00,166
293,2018-02-18 10:00:00,280
294,2018-02-18 11:00:00,279
295,2018-02-18 12:00:00,401
296,2018-02-18 13:00:00,359
297,2018-02-18 14:00:00,409
298,2018-02-18 15:00:00,437
299,2018-02-18 16:00:00,503
300,2018-02-18 17:00:00,481
301,2018-02-18 18:00:00,566
302,2018-02-18 19:00:00,378
303,2018-02-18 20:00:00,417
304,2018-02-18 21:00:00,540
305,2018-02-18 22:00:00,381
306,2018-02-18 23:00:00,467
307,2018-02-19 00:00:00,61
308,2018-02-19 01:00:00,0
309,2018-02-19 02:00:00,0
310,2018-02-19 03:00:00,2
311,2018-02-19 04:00:00,2
312,2018-02-19 05:00:00,7
313,2018-02-19 06:00:00,43
314,2018-02-19 07:00:00,180
315,2018-02-19 08:00:00,328
316,2018-02-19 09:00:00,401
317,2018-02-19 10:00:00,527
318,2018-02-19 11:00:00,464
319,2018-02-19 12:00:00,466
320,2018-02-19 13:00:00,505
321,2018-02-19 14:00:00,663
322,2018-02-19 15:00:00,607
323,2018-02-19 16:00:00,734
324,2018-02-19 17:00:00,674
325,2018-02-19 18:00:00,761
326,2018-02-19 19:00:00,470
327,2018-02-19 20:00:00,718
328,2018-02-19 21:00:00,749
329,2018-02-19 22:00:00,782
330,2018-02-19 23:00:00,651
331,2018-02-20 00:00:00,294
332,2018-02-20 01:00:00,59
333,2018-02-20 02:00:00,0
334,2018-02-20 03:00:00,0
335,2018-02-20 04:00:00,6
336,2018-02-20 05:00:00,12
337,2018-02-20 06:00:00,23
338,2018-02-20 07:00:00,427
339,2018-02-20 08:00:00,616
340,2018-02-20 09:00:00,579
341,2018-02-20 10:00:00,687
342,2018-02-20 11:00:00,574
343,2018-02-20 12:00:00,603
344,2018-02-20 13:00:00,427
345,2018-02-20 14:00:00,610
346,2018-02-20 15:00:00,593
347,2018-02-20 16:00:00,590
348,2018-02-20 17:00:00,553
349,2018-02-20 18:00:00,487
350,2018-02-20 19:00:00,132
351,2018-02-20 20:00:00,1
352,2018-03-01 00:00:00,62
353,2018-03-01 01:00:00,3
354,2018-03-01 02:00:00,0
355,2018-03-01 03:00:00,0
356,2018-03-01 04:00:00,4
357,2018-03-01 05:00:00,13
358,2018-03-01 06:00:00,17
359,2018-03-01 07:00:00,259
360,2018-03-01 08:00:00,341
361,2018-03-01 09:00:00,480
362,2018-03-01 10:00:00,502
363,2018-03-01 11:00:00,572
364,2018-03-01 12:00:00,576
365,2018-03-01 13:00:00,502
366,2018-03-01 14:00:00,536
367,2018-03-01 15:00:00,561
368,2018-03-01 16:00:00,726
369,2018-03-01 17:00:00,698
370,2018-03-01 18:00:00,749
371,2018-03-01 19:00:00,725
372,2018-03-01 20:00:00,744
373,2018-03-01 21:00:00,667
374,2018-03-01 22:00:00,721
375,2018-03-01 23:00:00,369
376,2018-03-02 00:00:00,349
377,2018-03-02 01:00:00,27
378,2018-03-02 02:00:00,0
379,2018-03-02 03:00:00,1
380,2018-03-02 04:00:00,4
381,2018-03-02 05:00:00,7
382,2018-03-02 06:00:00,32
383,2018-03-02 07:00:00,107
384,2018-03-02 08:00:00,250
385,2018-03-02 09:00:00,442
386,2018-03-02 10:00:00,335
387,2018-03-02 11:00:00,334
388,2018-03-02 12:00:00,212
389,2018-03-02 13:00:00,243
390,2018-03-02 14:00:00,310
391,2018-03-02 15:00:00,288
392,2018-03-02 16:00:00,279
393,2018-03-02 17:00:00,194
394,2018-03-02 18:00:00,140
395,2018-03-02 19:00:00,37
396,2018-03-02 20:00:00,51
397,2018-03-02 21:00:00,28
398,2018-03-02 22:00:00,95
399,2018-03-02 23:00:00,127
400,2018-03-03 00:00:00,140
401,2018-03-03 01:00:00,14
402,2018-03-03 02:00:00,0
403,2018-03-03 03:00:00,2
404,2018-03-03 04:00:00,5
405,2018-03-03 05:00:00,7
406,2018-03-03 06:00:00,50
407,2018-03-03 07:00:00,48
408,2018-03-03 08:00:00,181
409,2018-03-03 09:00:00,287
410,2018-03-03 10:00:00,331
411,2018-03-03 11:00:00,423
412,2018-03-03 12:00:00,333
413,2018-03-03 13:00:00,330
414,2018-03-03 14:00:00,425
415,2018-03-03 15:00:00,442
416,2018-03-03 16:00:00,340
417,2018-03-03 17:00:00,371
418,2018-03-03 18:00:00,354
419,2018-03-03 19:00:00,396
420,2018-03-03 20:00:00,263
421,2018-03-03 21:00:00,337
422,2018-03-03 22:00:00,344
423,2018-03-03 23:00:00,314
424,2018-03-04 00:00:00,182
425,2018-03-04 01:00:00,5
426,2018-03-04 02:00:00,0
427,2018-03-04 03:00:00,0
428,2018-03-04 04:00:00,4
429,2018-03-04 05:00:00,6
430,2018-03-04 06:00:00,10
431,2018-03-04 07:00:00,32
432,2018-03-04 08:00:00,120
433,2018-03-04 09:00:00,233
434,2018-03-04 10:00:00,391
435,2018-03-04 11:00:00,446
436,2018-03-04 12:00:00,472
437,2018-03-04 13:00:00,426
438,2018-03-04 14:00:00,553
439,2018-03-04 15:00:00,511
440,2018-03-04 16:00:00,608
441,2018-03-04 17:00:00,638
442,2018-03-04 18:00:00,618
443,2018-03-04 19:00:00,661
444,2018-03-04 20:00:00,478
445,2018-03-04 21:00:00,678
446,2018-03-04 22:00:00,771
447,2018-03-04 23:00:00,479
448,2018-03-05 00:00:00,247
449,2018-03-05 01:00:00,6
450,2018-03-05 02:00:00,5
451,2018-03-05 03:00:00,5
452,2018-03-05 04:00:00,18
453,2018-03-05 05:00:00,25
454,2018-03-05 06:00:00,79
455,2018-03-05 07:00:00,307
456,2018-03-05 08:00:00,507
457,2018-03-05 09:00:00,714
458,2018-03-05 10:00:00,658
459,2018-03-05 11:00:00,604
460,2018-03-05 12:00:00,452
461,2018-03-05 13:00:00,392
462,2018-03-05 14:00:00,356
463,2018-03-05 15:00:00,485
464,2018-03-05 16:00:00,495
465,2018-03-05 17:00:00,592
466,2018-03-05 18:00:00,570
467,2018-03-05 19:00:00,713
468,2018-03-05 20:00:00,636
469,2018-03-05 21:00:00,539
470,2018-03-05 22:00:00,558
471,2018-03-05 23:00:00,649
472,2018-03-06 00:00:00,245
473,2018-03-06 01:00:00,81
474,2018-03-06 02:00:00,2
475,2018-03-06 03:00:00,17
476,2018-03-06 04:00:00,4
477,2018-03-06 05:00:00,7
478,2018-03-06 06:00:00,36
479,2018-03-06 07:00:00,360
480,2018-03-06 08:00:00,381
481,2018-03-06 09:00:00,450
482,2018-03-06 10:00:00,713
483,2018-03-06 11:00:00,467
484,2018-03-06 12:00:00,623
485,2018-03-06 13:00:00,467
486,2018-03-06 14:00:00,511
487,2018-03-06 15:00:00,704
488,2018-03-06 16:00:00,586
489,2018-03-06 17:00:00,602
490,2018-03-06 18:00:00,812
491,2018-03-06 19:00:00,700
492,2018-03-06 20:00:00,750
493,2018-03-06 21:00:00,653
494,2018-03-06 22:00:00,589
495,2018-03-06 23:00:00,361
496,2018-03-07 00:00:00,72
497,2018-03-07 01:00:00,26
498,2018-03-07 02:00:00,27
499,2018-03-07 03:00:00,4
500,2018-03-07 04:00:00,4
501,2018-03-07 05:00:00,6
502,2018-03-07 06:00:00,27
503,2018-03-07 07:00:00,123
504,2018-03-07 08:00:00,159
505,2018-03-07 09:00:00,194
506,2018-03-07 10:00:00,240
507,2018-03-07 11:00:00,126
508,2018-03-07 12:00:00,91
509,2018-03-07 13:00:00,53
510,2018-03-07 14:00:00,119
511,2018-03-07 15:00:00,46
512,2018-03-07 16:00:00,42
513,2018-03-07 17:00:00,46
514,2018-03-07 18:00:00,59
515,2018-03-07 19:00:00,51
516,2018-03-07 20:00:00,17
517,2018-03-07 21:00:00,298
518,2018-03-07 22:00:00,472
519,2018-03-07 23:00:00,186
520,2018-03-08 00:00:00,0
521,2018-03-08 01:00:00,0
522,2018-03-08 02:00:00,0
523,2018-03-08 03:00:00,0
524,2018-03-08 04:00:00,0
525,2018-03-08 05:00:00,0
526,2018-03-08 06:00:00,0
527,2018-03-08 07:00:00,0
528,2018-03-08 08:00:00,0
529,2018-03-08 09:00:00,0
530,2018-03-08 10:00:00,0
531,2018-03-08 11:00:00,0
532,2018-03-08 12:00:00,0
533,2018-03-08 13:00:00,0
534,2018-03-08 14:00:00,0
535,2018-03-08 15:00:00,0
536,2018-03-08 16:00:00,0
537,2018-03-08 17:00:00,0
538,2018-03-08 18:00:00,0
539,2018-03-08 19:00:00,0
540,2018-03-08 20:00:00,0
541,2018-03-08 21:00:00,0
542,2018-03-08 22:00:00,0
543,2018-03-08 23:00:00,1
544,2018-04-01 00:00:00,28
545,2018-04-01 01:00:00,1
546,2018-04-01 02:00:00,0
547,2018-04-01 03:00:00,0
548,2018-04-01 04:00:00,1
549,2018-04-01 05:00:00,6
550,2018-04-01 06:00:00,2
551,2018-04-01 07:00:00,21
552,2018-04-01 08:00:00,102
553,2018-04-01 09:00:00,231
554,2018-04-01 10:00:00,298
555,2018-04-01 11:00:00,268
556,2018-04-01 12:00:00,362
557,2018-04-01 13:00:00,387
558,2018-04-01 14:00:00,436
559,2018-04-01 15:00:00,551
560,2018-04-01 16:00:00,640
561,2018-04-01 17:00:00,638
562,2018-04-01 18:00:00,744
563,2018-04-01 19:00:00,784
564,2018-04-01 20:00:00,719
565,2018-04-01 21:00:00,897
566,2018-04-01 22:00:00,821
567,2018-04-01 23:00:00,561
568,2018-04-02 00:00:00,187
569,2018-04-02 01:00:00,1
570,2018-04-02 02:00:00,0
571,2018-04-02 03:00:00,2
572,2018-04-02 04:00:00,4
573,2018-04-02 05:00:00,6
574,2018-04-02 06:00:00,6
575,2018-04-02 07:00:00,52
576,2018-04-02 08:00:00,234
577,2018-04-02 09:00:00,221
578,2018-04-02 10:00:00,218
579,2018-04-02 11:00:00,428
580,2018-04-02 12:00:00,654
581,2018-04-02 13:00:00,593
582,2018-04-02 14:00:00,556
583,2018-04-02 15:00:00,594
584,2018-04-02 16:00:00,651
585,2018-04-02 17:00:00,646
586,2018-04-02 18:00:00,578
587,2018-04-02 19:00:00,636
588,2018-04-02 20:00:00,727
589,2018-04-02 21:00:00,703
590,2018-04-02 22:00:00,622
591,2018-04-02 23:00:00,687
592,2018-04-03 00:00:00,214
593,2018-04-03 01:00:00,64
594,2018-04-03 02:00:00,49
595,2018-04-03 03:00:00,0
596,2018-04-03 04:00:00,5
597,2018-04-03 05:00:00,8
598,2018-04-03 06:00:00,24
599,2018-04-03 07:00:00,261
600,2018-04-03 08:00:00,558
601,2018-04-03 09:00:00,685
602,2018-04-03 10:00:00,556
603,2018-04-03 11:00:00,562
604,2018-04-03 12:00:00,621
605,2018-04-03 13:00:00,513
606,2018-04-03 14:00:00,552
607,2018-04-03 15:00:00,549
608,2018-04-03 16:00:00,564
609,2018-04-03 17:00:00,627
610,2018-04-03 18:00:00,603
611,2018-04-03 19:00:00,578
612,2018-04-03 20:00:00,595
613,2018-04-03 21:00:00,642
614,2018-04-03 22:00:00,539
615,2018-04-03 23:00:00,419
616,2018-04-04 00:00:00,275
617,2018-04-04 01:00:00,33
618,2018-04-04 02:00:00,0
619,2018-04-04 03:00:00,0
620,2018-04-04 04:00:00,1
621,2018-04-04 05:00:00,4
622,2018-04-04 06:00:00,8
623,2018-04-04 07:00:00,169
624,2018-04-04 08:00:00,350
625,2018-04-04 09:00:00,365
626,2018-04-04 10:00:00,329
627,2018-04-04 11:00:00,238
628,2018-04-04 12:00:00,407
629,2018-04-04 13:00:00,359
630,2018-04-04 14:00:00,674
631,2018-04-04 15:00:00,503
632,2018-04-04 16:00:00,596
633,2018-04-04 17:00:00,552
634,2018-04-04 18:00:00,558
635,2018-04-04 19:00:00,662
636,2018-04-04 20:00:00,585
637,2018-04-04 21:00:00,605
638,2018-04-04 22:00:00,683
639,2018-04-04 23:00:00,579
640,2018-04-05 00:00:00,392
641,2018-04-05 01:00:00,120
642,2018-04-05 02:00:00,59
643,2018-04-05 03:00:00,7
644,2018-04-05 04:00:00,3
645,2018-04-05 05:00:00,7
646,2018-04-05 06:00:00,17
647,2018-04-05 07:00:00,208
648,2018-04-05 08:00:00,361
649,2018-04-05 09:00:00,549
650,2018-04-05 10:00:00,561
651,2018-04-05 11:00:00,564
652,2018-04-05 12:00:00,549
653,2018-04-05 13:00:00,558
654,2018-04-05 14:00:00,581
655,2018-04-05 15:00:00,661
656,2018-04-05 16:00:00,611
657,2018-04-05 17:00:00,632
658,2018-04-05 18:00:00,701
659,2018-04-05 19:00:00,733
660,2018-04-05 20:00:00,744
661,2018-04-05 21:00:00,666
662,2018-04-05 22:00:00,537
663,2018-04-05 23:00:00,453
664,2018-04-06 00:00:00,163
665,2018-04-06 01:00:00,26
666,2018-04-06 02:00:00,1
667,2018-04-06 03:00:00,0
668,2018-04-06 04:00:00,5
669,2018-04-06 05:00:00,1
670,2018-04-06 06:00:00,20
671,2018-04-06 07:00:00,135
672,2018-04-06 08:00:00,217
673,2018-04-06 09:00:00,455
674,2018-04-06 10:00:00,501
675,2018-04-06 11:00:00,469
676,2018-04-06 12:00:00,581
677,2018-04-06 13:00:00,495
678,2018-04-06 14:00:00,437
679,2018-04-06 15:00:00,493
680,2018-04-06 16:00:00,569
681,2018-04-06 17:00:00,550
682,2018-04-06 18:00:00,659
683,2018-04-06 19:00:00,628
684,2018-04-06 20:00:00,635
685,2018-04-06 21:00:00,397
686,2018-04-06 22:00:00,501
687,2018-04-06 23:00:00,468
688,2018-04-07 00:00:00,202
689,2018-04-07 01:00:00,27
690,2018-04-07 02:00:00,36
691,2018-04-07 03:00:00,0
692,2018-04-07 04:00:00,3
693,2018-04-07 05:00:00,5
694,2018-04-07 06:00:00,8
695,2018-04-07 07:00:00,28
696,2018-04-07 08:00:00,149
697,2018-04-07 09:00:00,161
698,2018-04-07 10:00:00,418
699,2018-04-07 11:00:00,332
700,2018-04-07 12:00:00,320
701,2018-04-07 13:00:00,264
702,2018-04-07 14:00:00,253
703,2018-04-07 15:00:00,388
704,2018-04-07 16:00:00,276
705,2018-04-07 17:00:00,439
706,2018-04-07 18:00:00,271
707,2018-04-07 19:00:00,262
708,2018-04-07 20:00:00,166
709,2018-04-07 21:00:00,268
710,2018-04-07 22:00:00,167
711,2018-04-07 23:00:00,289
712,2018-04-08 00:00:00,83
713,2018-04-08 01:00:00,20
714,2018-04-08 02:00:00,0
715,2018-04-08 03:00:00,4
716,2018-04-08 04:00:00,4
717,2018-04-08 05:00:00,3
718,2018-04-08 06:00:00,9
719,2018-04-08 07:00:00,38
720,2018-04-08 08:00:00,167
721,2018-04-08 09:00:00,302
722,2018-04-08 10:00:00,407
723,2018-04-08 11:00:00,520
724,2018-04-08 12:00:00,512
725,2018-04-08 13:00:00,488
726,2018-04-08 14:00:00,457
727,2018-04-08 15:00:00,623
728,2018-04-08 16:00:00,701
729,2018-04-08 17:00:00,657
730,2018-04-08 18:00:00,726
731,2018-04-08 19:00:00,733
732,2018-04-08 20:00:00,678
733,2018-04-08 21:00:00,769
734,2018-04-08 22:00:00,656
735,2018-04-08 23:00:00,642
736,2018-04-09 00:00:00,186
737,2018-04-09 01:00:00,50
738,2018-04-09 02:00:00,1
739,2018-04-09 03:00:00,1
740,2018-04-09 04:00:00,5
741,2018-04-09 05:00:00,7
742,2018-04-09 06:00:00,32
743,2018-04-09 07:00:00,450
744,2018-04-09 08:00:00,640
745,2018-04-09 09:00:00,735
746,2018-04-09 10:00:00,645
747,2018-04-09 11:00:00,704
748,2018-04-09 12:00:00,593
749,2018-04-09 13:00:00,629
750,2018-04-09 14:00:00,618
751,2018-04-09 15:00:00,679
752,2018-04-09 16:00:00,696
753,2018-04-09 17:00:00,557
754,2018-04-09 18:00:00,594
755,2018-04-09 19:00:00,546
756,2018-04-09 20:00:00,609
757,2018-04-09 21:00:00,651
758,2018-04-09 22:00:00,694
759,2018-04-09 23:00:00,525
760,2018-04-10 00:00:00,123
761,2018-04-10 01:00:00,2
762,2018-04-10 02:00:00,0
763,2018-04-10 03:00:00,0
764,2018-04-10 04:00:00,1
765,2018-04-10 05:00:00,7
766,2018-04-10 06:00:00,7
767,2018-04-10 07:00:00,322
768,2018-04-10 08:00:00,495
769,2018-04-10 09:00:00,668
770,2018-04-10 10:00:00,595
771,2018-04-10 11:00:00,648
772,2018-04-10 12:00:00,528
773,2018-04-10 13:00:00,526
774,2018-04-10 14:00:00,542
775,2018-04-10 15:00:00,536
776,2018-04-10 16:00:00,670
777,2018-04-10 17:00:00,592
778,2018-04-10 18:00:00,558
779,2018-04-10 19:00:00,677
780,2018-04-10 20:00:00,603
781,2018-04-10 21:00:00,700
782,2018-04-10 22:00:00,450
783,2018-04-10 23:00:00,474
784,2018-04-11 00:00:00,137
785,2018-04-11 01:00:00,28
786,2018-04-11 02:00:00,0
787,2018-04-11 03:00:00,1
788,2018-04-11 04:00:00,2
789,2018-04-11 05:00:00,7
790,2018-04-11 06:00:00,16
791,2018-04-11 07:00:00,310
792,2018-04-11 08:00:00,472
793,2018-04-11 09:00:00,512
794,2018-04-11 10:00:00,561
795,2018-04-11 11:00:00,661
796,2018-04-11 12:00:00,611
797,2018-04-11 13:00:00,511
798,2018-04-11 14:00:00,472
799,2018-04-11 15:00:00,569
800,2018-04-11 16:00:00,709
801,2018-04-11 17:00:00,700
802,2018-04-11 18:00:00,715
803,2018-04-11 19:00:00,729
804,2018-04-11 20:00:00,673
805,2018-04-11 21:00:00,813
806,2018-04-11 22:00:00,537
807,2018-04-11 23:00:00,487
808,2018-04-12 00:00:00,72
809,2018-04-12 01:00:00,6
810,2018-04-12 02:00:00,0
811,2018-04-12 03:00:00,0
812,2018-04-12 04:00:00,5
813,2018-04-12 05:00:00,6
814,2018-04-12 06:00:00,21
815,2018-04-12 07:00:00,258
816,2018-04-12 08:00:00,412
817,2018-04-12 09:00:00,623
818,2018-04-12 10:00:00,644
819,2018-04-12 11:00:00,624
820,2018-04-12 12:00:00,620
821,2018-04-12 13:00:00,516
822,2018-04-12 14:00:00,614
823,2018-04-12 15:00:00,677
824,2018-04-12 16:00:00,689
825,2018-04-12 17:00:00,673
826,2018-04-12 18:00:00,754
827,2018-04-12 19:00:00,673
828,2018-04-12 20:00:00,760
829,2018-04-12 21:00:00,829
830,2018-04-12 22:00:00,718
831,2018-04-12 23:00:00,527
832,2018-04-13 00:00:00,167
833,2018-04-13 01:00:00,2
834,2018-04-13 02:00:00,0
835,2018-04-13 03:00:00,1
836,2018-04-13 04:00:00,5
837,2018-04-13 05:00:00,3
838,2018-04-13 06:00:00,10
839,2018-04-13 07:00:00,199
840,2018-04-13 08:00:00,382
841,2018-04-13 09:00:00,518
842,2018-04-13 10:00:00,694
843,2018-04-13 11:00:00,675
844,2018-04-13 12:00:00,552
845,2018-04-13 13:00:00,530
846,2018-04-13 14:00:00,655
847,2018-04-13 15:00:00,612
848,2018-04-13 16:00:00,696
849,2018-04-13 17:00:00,710
850,2018-04-13 18:00:00,761
851,2018-04-13 19:00:00,588
852,2018-04-13 20:00:00,631
853,2018-04-13 21:00:00,707
854,2018-04-13 22:00:00,464
855,2018-04-13 23:00:00,432
856,2018-04-14 00:00:00,172
857,2018-04-14 01:00:00,63
858,2018-04-14 02:00:00,3
859,2018-04-14 03:00:00,9
860,2018-04-14 04:00:00,2
861,2018-04-14 05:00:00,4
862,2018-04-14 06:00:00,8
863,2018-04-14 07:00:00,19
864,2018-04-14 08:00:00,153
865,2018-04-14 09:00:00,205
866,2018-04-14 10:00:00,392
867,2018-04-14 11:00:00,256
868,2018-04-14 12:00:00,290
869,2018-04-14 13:00:00,277
870,2018-04-14 14:00:00,207
871,2018-04-14 15:00:00,423
872,2018-04-14 16:00:00,294
873,2018-04-14 17:00:00,422
874,2018-04-14 18:00:00,284
875,2018-04-14 19:00:00,260
876,2018-04-14 20:00:00,175
877,2018-04-14 21:00:00,183
878,2018-04-14 22:00:00,176
879,2018-04-14 23:00:00,242
880,2018-04-15 00:00:00,42
881,2018-04-15 01:00:00,1
882,2018-04-15 02:00:00,0
883,2018-04-15 03:00:00,0
884,2018-04-15 04:00:00,3
885,2018-04-15 05:00:00,6
886,2018-04-15 06:00:00,5
887,2018-04-15 07:00:00,42
888,2018-04-15 08:00:00,119
889,2018-04-15 09:00:00,232
890,2018-04-15 10:00:00,405
891,2018-04-15 11:00:00,380
892,2018-04-15 12:00:00,530
893,2018-04-15 13:00:00,525
894,2018-04-15 14:00:00,583
895,2018-04-15 15:00:00,584
896,2018-04-15 16:00:00,631
897,2018-04-15 17:00:00,676
898,2018-04-15 18:00:00,605
899,2018-04-15 19:00:00,600
900,2018-04-15 20:00:00,630
901,2018-04-15 21:00:00,687
902,2018-04-15 22:00:00,751
903,2018-04-15 23:00:00,690
904,2018-04-16 00:00:00,687
905,2018-04-16 01:00:00,354
906,2018-04-16 02:00:00,35
907,2018-04-16 03:00:00,0
908,2018-04-16 04:00:00,2
909,2018-04-16 05:00:00,13
910,2018-04-16 06:00:00,20
911,2018-04-16 07:00:00,54
912,2018-04-16 08:00:00,264
913,2018-04-16 09:00:00,458
914,2018-04-16 10:00:00,131
915,2018-04-16 11:00:00,260
916,2018-04-16 12:00:00,496
917,2018-04-16 13:00:00,571
918,2018-04-16 14:00:00,646
919,2018-04-16 15:00:00,671
920,2018-04-16 16:00:00,764
921,2018-04-16 17:00:00,686
922,2018-04-16 18:00:00,637
923,2018-04-16 19:00:00,736
924,2018-04-16 20:00:00,666
925,2018-04-16 21:00:00,640
926,2018-04-16 22:00:00,748
927,2018-04-16 23:00:00,631
928,2018-04-17 00:00:00,456
929,2018-04-17 01:00:00,52
930,2018-04-17 02:00:00,1
931,2018-04-17 03:00:00,4
932,2018-04-17 04:00:00,3
933,2018-04-17 05:00:00,10
934,2018-04-17 06:00:00,27
935,2018-04-17 07:00:00,386
936,2018-04-17 08:00:00,474
937,2018-04-17 09:00:00,726
938,2018-04-17 10:00:00,653
939,2018-04-17 11:00:00,693
940,2018-04-17 12:00:00,690
941,2018-04-17 13:00:00,648
942,2018-04-17 14:00:00,633
943,2018-04-17 15:00:00,693
944,2018-04-17 16:00:00,609
945,2018-04-17 17:00:00,640
946,2018-04-17 18:00:00,664
947,2018-04-17 19:00:00,624
948,2018-04-17 20:00:00,719
949,2018-04-17 21:00:00,606
950,2018-04-17 22:00:00,548
951,2018-04-17 23:00:00,479
952,2018-04-18 00:00:00,112
953,2018-04-18 01:00:00,13
954,2018-04-18 02:00:00,0
955,2018-04-18 03:00:00,0
956,2018-04-18 04:00:00,2
957,2018-04-18 05:00:00,5
958,2018-04-18 06:00:00,13
959,2018-04-18 07:00:00,287
960,2018-04-18 08:00:00,413
961,2018-04-18 09:00:00,579
962,2018-04-18 10:00:00,688
963,2018-04-18 11:00:00,599
964,2018-04-18 12:00:00,608
965,2018-04-18 13:00:00,473
966,2018-04-18 14:00:00,550
967,2018-04-18 15:00:00,655
968,2018-04-18 16:00:00,625
969,2018-04-18 17:00:00,685
970,2018-04-18 18:00:00,670
971,2018-04-18 19:00:00,630
972,2018-04-18 20:00:00,594
973,2018-04-18 21:00:00,724
974,2018-04-18 22:00:00,489
975,2018-04-18 23:00:00,511
976,2018-04-19 00:00:00,117
977,2018-04-19 01:00:00,1
978,2018-04-19 02:00:00,0
979,2018-04-19 03:00:00,0
980,2018-04-19 04:00:00,4
981,2018-04-19 05:00:00,7
982,2018-04-19 06:00:00,33
983,2018-04-19 07:00:00,250
984,2018-04-19 08:00:00,372
985,2018-04-19 09:00:00,410
986,2018-04-19 10:00:00,607
987,2018-04-19 11:00:00,587
988,2018-04-19 12:00:00,586
989,2018-04-19 13:00:00,613
990,2018-04-19 14:00:00,535
991,2018-04-19 15:00:00,620
992,2018-04-19 16:00:00,611
993,2018-04-19 17:00:00,708
994,2018-04-19 18:00:00,594
995,2018-04-19 19:00:00,730
996,2018-04-19 20:00:00,681
997,2018-04-19 21:00:00,772
998,2018-04-19 22:00:00,731
999,2018-04-19 23:00:00,599
1000,2018-04-20 00:00:00,390
1001,2018-04-20 01:00:00,87
1002,2018-04-20 02:00:00,2
1003,2018-04-20 03:00:00,4
1004,2018-04-20 04:00:00,3
1005,2018-04-20 05:00:00,10
1006,2018-04-20 06:00:00,13
1007,2018-04-20 07:00:00,164
1008,2018-04-20 08:00:00,300
1009,2018-04-20 09:00:00,566
1010,2018-04-20 10:00:00,558
1011,2018-04-20 11:00:00,479
1012,2018-04-20 12:00:00,532
1013,2018-04-20 13:00:00,574
1014,2018-04-20 14:00:00,448
1015,2018-04-20 15:00:00,647
1016,2018-04-20 16:00:00,680
1017,2018-04-20 17:00:00,606
1018,2018-04-20 18:00:00,785
1019,2018-04-20 19:00:00,647
1020,2018-04-20 20:00:00,642
1021,2018-04-20 21:00:00,703
1022,2018-04-20 22:00:00,597
1023,2018-04-20 23:00:00,525
1024,2018-04-21 00:00:00,63
1025,2018-04-21 01:00:00,0
1026,2018-04-21 02:00:00,1
1027,2018-04-21 03:00:00,0
1028,2018-04-21 04:00:00,3
1029,2018-04-21 05:00:00,8
1030,2018-04-21 06:00:00,8
1031,2018-04-21 07:00:00,24
1032,2018-04-21 08:00:00,100
1033,2018-04-21 09:00:00,191
1034,2018-04-21 10:00:00,356
1035,2018-04-21 11:00:00,258
1036,2018-04-21 12:00:00,403
1037,2018-04-21 13:00:00,238
1038,2018-04-21 14:00:00,250
1039,2018-04-21 15:00:00,302
1040,2018-04-21 16:00:00,221
1041,2018-04-21 17:00:00,462
1042,2018-04-21 18:00:00,299
1043,2018-04-21 19:00:00,200
1044,2018-04-21 20:00:00,210
1045,2018-04-21 21:00:00,344
1046,2018-04-21 22:00:00,88
1047,2018-04-21 23:00:00,255
1048,2018-04-22 00:00:00,49
1049,2018-04-22 01:00:00,1
1050,2018-04-22 02:00:00,0
1051,2018-04-22 03:00:00,1
1052,2018-04-22 04:00:00,2
1053,2018-04-22 05:00:00,3
1054,2018-04-22 06:00:00,5
1055,2018-04-22 07:00:00,41
1056,2018-04-22 08:00:00,138
1057,2018-04-22 09:00:00,281
1058,2018-04-22 10:00:00,475
1059,2018-04-22 11:00:00,512
1060,2018-04-22 12:00:00,525
1061,2018-04-22 13:00:00,442
1062,2018-04-22 14:00:00,721
1063,2018-04-22 15:00:00,612
1064,2018-04-22 16:00:00,704
1065,2018-04-22 17:00:00,686
1066,2018-04-22 18:00:00,787
1067,2018-04-22 19:00:00,681
1068,2018-04-22 20:00:00,683
1069,2018-04-22 21:00:00,737
1070,2018-04-22 22:00:00,782
1071,2018-04-22 23:00:00,680
1072,2018-04-23 00:00:00,193
1073,2018-04-23 01:00:00,0
1074,2018-04-23 02:00:00,0
1075,2018-04-23 03:00:00,2
1076,2018-04-23 04:00:00,2
1077,2018-04-23 05:00:00,11
1078,2018-04-23 06:00:00,27
1079,2018-04-23 07:00:00,405
1080,2018-04-23 08:00:00,572
1081,2018-04-23 09:00:00,763
1082,2018-04-23 10:00:00,843
1083,2018-04-23 11:00:00,777
1084,2018-04-23 12:00:00,664
1085,2018-04-23 13:00:00,528
1086,2018-04-23 14:00:00,624
1087,2018-04-23 15:00:00,653
1088,2018-04-23 16:00:00,663
1089,2018-04-23 17:00:00,690
1090,2018-04-23 18:00:00,581
1091,2018-04-23 19:00:00,678
1092,2018-04-23 20:00:00,634
1093,2018-04-23 21:00:00,710
1094,2018-04-23 22:00:00,557
1095,2018-04-23 23:00:00,494
1096,2018-04-24 00:00:00,155
1097,2018-04-24 01:00:00,1
1098,2018-04-24 02:00:00,0
1099,2018-04-24 03:00:00,0
1100,2018-04-24 04:00:00,3
1101,2018-04-24 05:00:00,9
1102,2018-04-24 06:00:00,26
1103,2018-04-24 07:00:00,372
1104,2018-04-24 08:00:00,401
1105,2018-04-24 09:00:00,631
1106,2018-04-24 10:00:00,657
1107,2018-04-24 11:00:00,579
1108,2018-04-24 12:00:00,586
1109,2018-04-24 13:00:00,513
1110,2018-04-24 14:00:00,583
1111,2018-04-24 15:00:00,646
1112,2018-04-24 16:00:00,657
1113,2018-04-24 17:00:00,552
1114,2018-04-24 18:00:00,731
1115,2018-04-24 19:00:00,593
1116,2018-04-24 20:00:00,679
1117,2018-04-24 21:00:00,718
1118,2018-04-24 22:00:00,509
1119,2018-04-24 23:00:00,512
1120,2018-04-25 00:00:00,83
1121,2018-04-25 01:00:00,0
1122,2018-04-25 02:00:00,0
1123,2018-04-25 03:00:00,1
1124,2018-04-25 04:00:00,4
1125,2018-04-25 05:00:00,8
1126,2018-04-25 06:00:00,13
1127,2018-04-25 07:00:00,259
1128,2018-04-25 08:00:00,260
1129,2018-04-25 09:00:00,441
1130,2018-04-25 10:00:00,404
1131,2018-04-25 11:00:00,616
1132,2018-04-25 12:00:00,581
1133,2018-04-25 13:00:00,462
1134,2018-04-25 14:00:00,599
1135,2018-04-25 15:00:00,554
1136,2018-04-25 16:00:00,517
1137,2018-04-25 17:00:00,680
1138,2018-04-25 18:00:00,651
1139,2018-04-25 19:00:00,645
1140,2018-04-25 20:00:00,628
1141,2018-04-25 21:00:00,622
1142,2018-04-25 22:00:00,664
1143,2018-04-25 23:00:00,654
1144,2018-04-26 00:00:00,598
1145,2018-04-26 01:00:00,295
1146,2018-04-26 02:00:00,4
1147,2018-04-26 03:00:00,0
1148,2018-04-26 04:00:00,2
1149,2018-04-26 05:00:00,10
1150,2018-04-26 06:00:00,32
1151,2018-04-26 07:00:00,241
1152,2018-04-26 08:00:00,321
1153,2018-04-26 09:00:00,606
1154,2018-04-26 10:00:00,652
1155,2018-04-26 11:00:00,669
1156,2018-04-26 12:00:00,631
1157,2018-04-26 13:00:00,533
1158,2018-04-26 14:00:00,637
1159,2018-04-26 15:00:00,667
1160,2018-04-26 16:00:00,739
1161,2018-04-26 17:00:00,648
1162,2018-04-26 18:00:00,808
1163,2018-04-26 19:00:00,681
1164,2018-04-26 20:00:00,629
1165,2018-04-26 21:00:00,835
1166,2018-04-26 22:00:00,647
1167,2018-04-26 23:00:00,582
1168,2018-04-27 00:00:00,18
1169,2018-04-27 01:00:00,2
1170,2018-04-27 02:00:00,0
1171,2018-04-27 03:00:00,5
1172,2018-04-27 04:00:00,4
1173,2018-04-27 05:00:00,7
1174,2018-04-27 06:00:00,19
1175,2018-04-27 07:00:00,247
1176,2018-04-27 08:00:00,253
1177,2018-04-27 09:00:00,491
1178,2018-04-27 10:00:00,616
1179,2018-04-27 11:00:00,577
1180,2018-04-27 12:00:00,592
1181,2018-04-27 13:00:00,487
1182,2018-04-27 14:00:00,544
1183,2018-04-27 15:00:00,549
1184,2018-04-27 16:00:00,619
1185,2018-04-27 17:00:00,609
1186,2018-04-27 18:00:00,505
1187,2018-04-27 19:00:00,643
1188,2018-04-27 20:00:00,665
1189,2018-04-27 21:00:00,572
1190,2018-04-27 22:00:00,737
1191,2018-04-27 23:00:00,548
1192,2018-04-28 00:00:00,413
1193,2018-04-28 01:00:00,24
1194,2018-04-28 02:00:00,1
1195,2018-04-28 03:00:00,0
1196,2018-04-28 04:00:00,7
1197,2018-04-28 05:00:00,3
1198,2018-04-28 06:00:00,8
1199,2018-04-28 07:00:00,19
1200,2018-04-28 08:00:00,131
1201,2018-04-28 09:00:00,140
1202,2018-04-28 10:00:00,269
1203,2018-04-28 11:00:00,355
1204,2018-04-28 12:00:00,409
1205,2018-04-28 13:00:00,286
1206,2018-04-28 14:00:00,354
1207,2018-04-28 15:00:00,387
1208,2018-04-28 16:00:00,292
1209,2018-04-28 17:00:00,432
1210,2018-04-28 18:00:00,279
1211,2018-04-28 19:00:00,332
1212,2018-04-28 20:00:00,197
1213,2018-04-28 21:00:00,262
1214,2018-04-28 22:00:00,217
1215,2018-04-28 23:00:00,242
1216,2018-04-29 00:00:00,21
1217,2018-04-29 01:00:00,0
1218,2018-04-29 02:00:00,0
1219,2018-04-29 03:00:00,0
1220,2018-04-29 04:00:00,5
1221,2018-04-29 05:00:00,3
1222,2018-04-29 06:00:00,4
1223,2018-04-29 07:00:00,59
1224,2018-04-29 08:00:00,158
1225,2018-04-29 09:00:00,261
1226,2018-04-29 10:00:00,468
1227,2018-04-29 11:00:00,499
1228,2018-04-29 12:00:00,492
1229,2018-04-29 13:00:00,552
1230,2018-04-29 14:00:00,583
1231,2018-04-29 15:00:00,693
1232,2018-04-29 16:00:00,670
1233,2018-04-29 17:00:00,692
1234,2018-04-29 18:00:00,821
1235,2018-04-29 19:00:00,750
1236,2018-04-29 20:00:00,639
1237,2018-04-29 21:00:00,858
1238,2018-04-29 22:00:00,721
1239,2018-04-29 23:00:00,827
1240,2018-04-30 00:00:00,58
1241,2018-04-30 01:00:00,0
1242,2018-04-30 02:00:00,0
1243,2018-04-30 03:00:00,0
1244,2018-04-30 04:00:00,4
1245,2018-04-30 05:00:00,11
1246,2018-04-30 06:00:00,18
1247,2018-04-30 07:00:00,351
1248,2018-04-30 08:00:00,596
1249,2018-04-30 09:00:00,765
1250,2018-04-30 10:00:00,769
1251,2018-04-30 11:00:00,710
1252,2018-04-30 12:00:00,718
1253,2018-04-30 13:00:00,621
1254,2018-04-30 14:00:00,647
1255,2018-04-30 15:00:00,654
1256,2018-04-30 16:00:00,633
1257,2018-04-30 17:00:00,639
1258,2018-04-30 18:00:00,633
1259,2018-04-30 19:00:00,618
1260,2018-04-30 20:00:00,737
1261,2018-04-30 21:00:00,695
1262,2018-04-30 22:00:00,684
1263,2018-04-30 23:00:00,578
1264,2018-05-01 00:00:00,66
1265,2018-05-01 01:00:00,0
1266,2018-05-01 02:00:00,0
1267,2018-05-01 03:00:00,0
1268,2018-05-01 04:00:00,4
1269,2018-05-01 05:00:00,1
1270,2018-05-01 06:00:00,19
1271,2018-05-01 07:00:00,298
1272,2018-05-01 08:00:00,416
1273,2018-05-01 09:00:00,593
1274,2018-05-01 10:00:00,606
1275,2018-05-01 11:00:00,622
1276,2018-05-01 12:00:00,665
1277,2018-05-01 13:00:00,613
1278,2018-05-01 14:00:00,519
1279,2018-05-01 15:00:00,668
1280,2018-05-01 16:00:00,562
1281,2018-05-01 17:00:00,599
1282,2018-05-01 18:00:00,692
1283,2018-05-01 19:00:00,603
1284,2018-05-01 20:00:00,656
1285,2018-05-01 21:00:00,523
1286,2018-05-01 22:00:00,472
1287,2018-05-01 23:00:00,434
1288,2018-05-02 00:00:00,42
1289,2018-05-02 01:00:00,1
1290,2018-05-02 02:00:00,0
1291,2018-05-02 03:00:00,1
1292,2018-05-02 04:00:00,5
1293,2018-05-02 05:00:00,4
1294,2018-05-02 06:00:00,13
1295,2018-05-02 07:00:00,362
1296,2018-05-02 08:00:00,347
1297,2018-05-02 09:00:00,579
1298,2018-05-02 10:00:00,637
1299,2018-05-02 11:00:00,554
1300,2018-05-02 12:00:00,595
1301,2018-05-02 13:00:00,525
1302,2018-05-02 14:00:00,579
1303,2018-05-02 15:00:00,656
1304,2018-05-02 16:00:00,608
1305,2018-05-02 17:00:00,618
1306,2018-05-02 18:00:00,760
1307,2018-05-02 19:00:00,701
1308,2018-05-02 20:00:00,560
1309,2018-05-02 21:00:00,701
1310,2018-05-02 22:00:00,469
1311,2018-05-02 23:00:00,349
1312,2018-05-03 00:00:00,237
1313,2018-05-03 01:00:00,4
1314,2018-05-03 02:00:00,1
1315,2018-05-03 03:00:00,0
1316,2018-05-03 04:00:00,4
1317,2018-05-03 05:00:00,7
1318,2018-05-03 06:00:00,30
1319,2018-05-03 07:00:00,214
1320,2018-05-03 08:00:00,353
1321,2018-05-03 09:00:00,608
1322,2018-05-03 10:00:00,566
1323,2018-05-03 11:00:00,645
1324,2018-05-03 12:00:00,584
1325,2018-05-03 13:00:00,573
1326,2018-05-03 14:00:00,649
1327,2018-05-03 15:00:00,665
1328,2018-05-03 16:00:00,575
1329,2018-05-03 17:00:00,672
1330,2018-05-03 18:00:00,673
1331,2018-05-03 19:00:00,486
1332,2018-05-03 20:00:00,367
1333,2018-05-03 21:00:00,823
1334,2018-05-03 22:00:00,545
1335,2018-05-03 23:00:00,620
1336,2018-05-04 00:00:00,410
1337,2018-05-04 01:00:00,204
1338,2018-05-04 02:00:00,3
1339,2018-05-04 03:00:00,0
1340,2018-05-04 04:00:00,3
1341,2018-05-04 05:00:00,13
1342,2018-05-04 06:00:00,10
1343,2018-05-04 07:00:00,156
1344,2018-05-04 08:00:00,399
1345,2018-05-04 09:00:00,550
1346,2018-05-04 10:00:00,519
1347,2018-05-04 11:00:00,587
1348,2018-05-04 12:00:00,664
1349,2018-05-04 13:00:00,544
1350,2018-05-04 14:00:00,593
1351,2018-05-04 15:00:00,654
1352,2018-05-04 16:00:00,637
1353,2018-05-04 17:00:00,682
1354,2018-05-04 18:00:00,760
1355,2018-05-04 19:00:00,632
1356,2018-05-04 20:00:00,596
1357,2018-05-04 21:00:00,718
1358,2018-05-04 22:00:00,596
1359,2018-05-04 23:00:00,381
1360,2018-05-05 00:00:00,39
1361,2018-05-05 01:00:00,1
1362,2018-05-05 02:00:00,0
1363,2018-05-05 03:00:00,0
1364,2018-05-05 04:00:00,6
1365,2018-05-05 05:00:00,8
1366,2018-05-05 06:00:00,12
1367,2018-05-05 07:00:00,34
1368,2018-05-05 08:00:00,160
1369,2018-05-05 09:00:00,158
1370,2018-05-05 10:00:00,421
1371,2018-05-05 11:00:00,380
1372,2018-05-05 12:00:00,380
1373,2018-05-05 13:00:00,306
1374,2018-05-05 14:00:00,309
1375,2018-05-05 15:00:00,404
1376,2018-05-05 16:00:00,328
1377,2018-05-05 17:00:00,323
1378,2018-05-05 18:00:00,274
1379,2018-05-05 19:00:00,298
1380,2018-05-05 20:00:00,210
1381,2018-05-05 21:00:00,324
1382,2018-05-05 22:00:00,240
1383,2018-05-05 23:00:00,228
1384,2018-05-06 00:00:00,27
1385,2018-05-06 01:00:00,0
1386,2018-05-06 02:00:00,1
1387,2018-05-06 03:00:00,0
1388,2018-05-06 04:00:00,1
1389,2018-05-06 05:00:00,4
1390,2018-05-06 06:00:00,4
1391,2018-05-06 07:00:00,42
1392,2018-05-06 08:00:00,172
1393,2018-05-06 09:00:00,251
1394,2018-05-06 10:00:00,560
1395,2018-05-06 11:00:00,522
1396,2018-05-06 12:00:00,478
1397,2018-05-06 13:00:00,445
1398,2018-05-06 14:00:00,610
1399,2018-05-06 15:00:00,706
1400,2018-05-06 16:00:00,751
1401,2018-05-06 17:00:00,582
1402,2018-05-06 18:00:00,801
1403,2018-05-06 19:00:00,760
1404,2018-05-06 20:00:00,729
1405,2018-05-06 21:00:00,762
1406,2018-05-06 22:00:00,818
1407,2018-05-06 23:00:00,603
1408,2018-05-07 00:00:00,213
1409,2018-05-07 01:00:00,2
1410,2018-05-07 02:00:00,0
1411,2018-05-07 03:00:00,2
1412,2018-05-07 04:00:00,3
1413,2018-05-07 05:00:00,6
1414,2018-05-07 06:00:00,32
1415,2018-05-07 07:00:00,383
1416,2018-05-07 08:00:00,673
1417,2018-05-07 09:00:00,652
1418,2018-05-07 10:00:00,647
1419,2018-05-07 11:00:00,611
1420,2018-05-07 12:00:00,624
1421,2018-05-07 13:00:00,504
1422,2018-05-07 14:00:00,613
1423,2018-05-07 15:00:00,628
1424,2018-05-07 16:00:00,474
1425,2018-05-07 17:00:00,589
1426,2018-05-07 18:00:00,749
1427,2018-05-07 19:00:00,588
1428,2018-05-07 20:00:00,665
1429,2018-05-07 21:00:00,692
1430,2018-05-07 22:00:00,561
1431,2018-05-07 23:00:00,547
1432,2018-05-08 00:00:00,111
1433,2018-05-08 01:00:00,1
1434,2018-05-08 02:00:00,2
1435,2018-05-08 03:00:00,0
1436,2018-05-08 04:00:00,4
1437,2018-05-08 05:00:00,5
1438,2018-05-08 06:00:00,34
1439,2018-05-08 07:00:00,335
1440,2018-05-08 08:00:00,483
1441,2018-05-08 09:00:00,665
1442,2018-05-08 10:00:00,615
1443,2018-05-08 11:00:00,564
1444,2018-05-08 12:00:00,593
1445,2018-05-08 13:00:00,522
1446,2018-05-08 14:00:00,568
1447,2018-05-08 15:00:00,499
1448,2018-05-08 16:00:00,619
1449,2018-05-08 17:00:00,574
1450,2018-05-08 18:00:00,685
1451,2018-05-08 19:00:00,590
1452,2018-05-08 20:00:00,416
1453,2018-05-08 21:00:00,723
1454,2018-05-08 22:00:00,459
1455,2018-05-08 23:00:00,403
1456,2018-05-09 00:00:00,86
1457,2018-05-09 01:00:00,0
1458,2018-05-09 02:00:00,0
1459,2018-05-09 03:00:00,0
1460,2018-05-09 04:00:00,1
1461,2018-05-09 05:00:00,6
1462,2018-05-09 06:00:00,12
1463,2018-05-09 07:00:00,306
1464,2018-05-09 08:00:00,395
1465,2018-05-09 09:00:00,566
1466,2018-05-09 10:00:00,549
1467,2018-05-09 11:00:00,489
1468,2018-05-09 12:00:00,527
1469,2018-05-09 13:00:00,571
1470,2018-05-09 14:00:00,625
1471,2018-05-09 15:00:00,607
1472,2018-05-09 16:00:00,664
1473,2018-05-09 17:00:00,633
1474,2018-05-09 18:00:00,768
1475,2018-05-09 19:00:00,655
1476,2018-05-09 20:00:00,585
1477,2018-05-09 21:00:00,636
1478,2018-05-09 22:00:00,541
1479,2018-05-09 23:00:00,396
1480,2018-05-10 00:00:00,92
1481,2018-05-10 01:00:00,29
1482,2018-05-10 02:00:00,0
1483,2018-05-10 03:00:00,0
1484,2018-05-10 04:00:00,2
1485,2018-05-10 05:00:00,12
1486,2018-05-10 06:00:00,34
1487,2018-05-10 07:00:00,269
1488,2018-05-10 08:00:00,398
1489,2018-05-10 09:00:00,594
1490,2018-05-10 10:00:00,554
1491,2018-05-10 11:00:00,530
1492,2018-05-10 12:00:00,576
1493,2018-05-10 13:00:00,471
1494,2018-05-10 14:00:00,624
1495,2018-05-10 15:00:00,607
1496,2018-05-10 16:00:00,694
1497,2018-05-10 17:00:00,671
1498,2018-05-10 18:00:00,412
1499,2018-05-10 19:00:00,686
1500,2018-05-10 20:00:00,482
1501,2018-05-10 21:00:00,259
1502,2018-05-10 22:00:00,293
1503,2018-05-10 23:00:00,611
1504,2018-05-11 00:00:00,449
1505,2018-05-11 01:00:00,555
1506,2018-05-11 02:00:00,344
1507,2018-05-11 03:00:00,5
1508,2018-05-11 04:00:00,3
1509,2018-05-11 05:00:00,8
1510,2018-05-11 06:00:00,13
1511,2018-05-11 07:00:00,253
1512,2018-05-11 08:00:00,351
1513,2018-05-11 09:00:00,455
1514,2018-05-11 10:00:00,451
1515,2018-05-11 11:00:00,588
1516,2018-05-11 12:00:00,613
1517,2018-05-11 13:00:00,497
1518,2018-05-11 14:00:00,606
1519,2018-05-11 15:00:00,645
1520,2018-05-11 16:00:00,698
1521,2018-05-11 17:00:00,660
1522,2018-05-11 18:00:00,787
1523,2018-05-11 19:00:00,661
1524,2018-05-11 20:00:00,532
1525,2018-05-11 21:00:00,694
1526,2018-05-11 22:00:00,505
1527,2018-05-11 23:00:00,519
1528,2018-05-12 00:00:00,35
1529,2018-05-12 01:00:00,0
1530,2018-05-12 02:00:00,0
1531,2018-05-12 03:00:00,0
1532,2018-05-12 04:00:00,2
1533,2018-05-12 05:00:00,7
1534,2018-05-12 06:00:00,7
1535,2018-05-12 07:00:00,24
1536,2018-05-12 08:00:00,133
1537,2018-05-12 09:00:00,214
1538,2018-05-12 10:00:00,351
1539,2018-05-12 11:00:00,382
1540,2018-05-12 12:00:00,359
1541,2018-05-12 13:00:00,281
1542,2018-05-12 14:00:00,343
1543,2018-05-12 15:00:00,407
1544,2018-05-12 16:00:00,297
1545,2018-05-12 17:00:00,400
1546,2018-05-12 18:00:00,302
1547,2018-05-12 19:00:00,255
1548,2018-05-12 20:00:00,114
1549,2018-05-12 21:00:00,253
1550,2018-05-12 22:00:00,240
1551,2018-05-12 23:00:00,289
1552,2018-05-13 00:00:00,159
1553,2018-05-13 01:00:00,0
1554,2018-05-13 02:00:00,0
1555,2018-05-13 03:00:00,2
1556,2018-05-13 04:00:00,3
1557,2018-05-13 05:00:00,6
1558,2018-05-13 06:00:00,5
1559,2018-05-13 07:00:00,47
1560,2018-05-13 08:00:00,170
1561,2018-05-13 09:00:00,206
1562,2018-05-13 10:00:00,435
1563,2018-05-13 11:00:00,459
1564,2018-05-13 12:00:00,483
1565,2018-05-13 13:00:00,402
1566,2018-05-13 14:00:00,590
1567,2018-05-13 15:00:00,567
1568,2018-05-13 16:00:00,641
1569,2018-05-13 17:00:00,718
1570,2018-05-13 18:00:00,841
1571,2018-05-13 19:00:00,743
1572,2018-05-13 20:00:00,702
1573,2018-05-13 21:00:00,654
1574,2018-05-13 22:00:00,661
1575,2018-05-13 23:00:00,652
1576,2018-05-14 00:00:00,364
1577,2018-05-14 01:00:00,6
1578,2018-05-14 02:00:00,0
1579,2018-05-14 03:00:00,0
1580,2018-05-14 04:00:00,3
1581,2018-05-14 05:00:00,11
1582,2018-05-14 06:00:00,20
1583,2018-05-14 07:00:00,439
1584,2018-05-14 08:00:00,710
1585,2018-05-14 09:00:00,767
1586,2018-05-14 10:00:00,750
1587,2018-05-14 11:00:00,772
1588,2018-05-14 12:00:00,687
1589,2018-05-14 13:00:00,463
1590,2018-05-14 14:00:00,604
1591,2018-05-14 15:00:00,719
1592,2018-05-14 16:00:00,697
1593,2018-05-14 17:00:00,647
1594,2018-05-14 18:00:00,693
1595,2018-05-14 19:00:00,648
1596,2018-05-14 20:00:00,622
1597,2018-05-14 21:00:00,544
1598,2018-05-14 22:00:00,633
1599,2018-05-14 23:00:00,579
1600,2018-05-15 00:00:00,318
1601,2018-05-15 01:00:00,98
1602,2018-05-15 02:00:00,5
1603,2018-05-15 03:00:00,0
1604,2018-05-15 04:00:00,5
1605,2018-05-15 05:00:00,8
1606,2018-05-15 06:00:00,15
1607,2018-05-15 07:00:00,363
1608,2018-05-15 08:00:00,559
1609,2018-05-15 09:00:00,647
1610,2018-05-15 10:00:00,758
1611,2018-05-15 11:00:00,659
1612,2018-05-15 12:00:00,566
1613,2018-05-15 13:00:00,554
1614,2018-05-15 14:00:00,562
1615,2018-05-15 15:00:00,540
1616,2018-05-15 16:00:00,550
1617,2018-05-15 17:00:00,418
1618,2018-05-15 18:00:00,211
1619,2018-05-15 19:00:00,194
1620,2018-05-15 20:00:00,332
1621,2018-05-15 21:00:00,505
1622,2018-05-15 22:00:00,638
1623,2018-05-15 23:00:00,735
1624,2018-05-16 00:00:00,672
1625,2018-05-16 01:00:00,597
1626,2018-05-16 02:00:00,74
1627,2018-05-16 03:00:00,18
1628,2018-05-16 04:00:00,10
1629,2018-05-16 05:00:00,20
1630,2018-05-16 06:00:00,42
1631,2018-05-16 07:00:00,304
1632,2018-05-16 08:00:00,648
1633,2018-05-16 09:00:00,618
1634,2018-05-16 10:00:00,618
1635,2018-05-16 11:00:00,568
1636,2018-05-16 12:00:00,647
1637,2018-05-16 13:00:00,539
1638,2018-05-16 14:00:00,483
1639,2018-05-16 15:00:00,543
1640,2018-05-16 16:00:00,555
1641,2018-05-16 17:00:00,634
1642,2018-05-16 18:00:00,623
1643,2018-05-16 19:00:00,563
1644,2018-05-16 20:00:00,439
1645,2018-05-16 21:00:00,644
1646,2018-05-16 22:00:00,602
1647,2018-05-16 23:00:00,601
1648,2018-05-17 00:00:00,341
1649,2018-05-17 01:00:00,76
1650,2018-05-17 02:00:00,0
1651,2018-05-17 03:00:00,1
1652,2018-05-17 04:00:00,11
1653,2018-05-17 05:00:00,19
1654,2018-05-17 06:00:00,14
1655,2018-05-17 07:00:00,260
1656,2018-05-17 08:00:00,428
1657,2018-05-17 09:00:00,605
1658,2018-05-17 10:00:00,504
1659,2018-05-17 11:00:00,592
1660,2018-05-17 12:00:00,581
1661,2018-05-17 13:00:00,602
1662,2018-05-17 14:00:00,564
1663,2018-05-17 15:00:00,636
1664,2018-05-17 16:00:00,679
1665,2018-05-17 17:00:00,803
1666,2018-05-17 18:00:00,798
1667,2018-05-17 19:00:00,659
1668,2018-05-17 20:00:00,572
1669,2018-05-17 21:00:00,695
1670,2018-05-17 22:00:00,671
1671,2018-05-17 23:00:00,594
1672,2018-05-18 00:00:00,285
1673,2018-05-18 01:00:00,1
1674,2018-05-18 02:00:00,0
1675,2018-05-18 03:00:00,1
1676,2018-05-18 04:00:00,2
1677,2018-05-18 05:00:00,9
1678,2018-05-18 06:00:00,13
1679,2018-05-18 07:00:00,220
1680,2018-05-18 08:00:00,317
1681,2018-05-18 09:00:00,459
1682,2018-05-18 10:00:00,657
1683,2018-05-18 11:00:00,485
1684,2018-05-18 12:00:00,598
1685,2018-05-18 13:00:00,545
1686,2018-05-18 14:00:00,605
1687,2018-05-18 15:00:00,723
1688,2018-05-18 16:00:00,713
1689,2018-05-18 17:00:00,718
1690,2018-05-18 18:00:00,664
1691,2018-05-18 19:00:00,515
1692,2018-05-18 20:00:00,471
1693,2018-05-18 21:00:00,621
1694,2018-05-18 22:00:00,608
1695,2018-05-18 23:00:00,495
1696,2018-05-19 00:00:00,150
1697,2018-05-19 01:00:00,0
1698,2018-05-19 02:00:00,0
1699,2018-05-19 03:00:00,0
1700,2018-05-19 04:00:00,5
1701,2018-05-19 05:00:00,2
1702,2018-05-19 06:00:00,4
1703,2018-05-19 07:00:00,39
1704,2018-05-19 08:00:00,110
1705,2018-05-19 09:00:00,252
1706,2018-05-19 10:00:00,363
1707,2018-05-19 11:00:00,382
1708,2018-05-19 12:00:00,389
1709,2018-05-19 13:00:00,294
1710,2018-05-19 14:00:00,305
1711,2018-05-19 15:00:00,476
1712,2018-05-19 16:00:00,339
1713,2018-05-19 17:00:00,436
1714,2018-05-19 18:00:00,320
1715,2018-05-19 19:00:00,193
1716,2018-05-19 20:00:00,289
1717,2018-05-19 21:00:00,254
1718,2018-05-19 22:00:00,182
1719,2018-05-19 23:00:00,284
1720,2018-05-20 00:00:00,108
1721,2018-05-20 01:00:00,3
1722,2018-05-20 02:00:00,0
1723,2018-05-20 03:00:00,0
1724,2018-05-20 04:00:00,5
1725,2018-05-20 05:00:00,3
1726,2018-05-20 06:00:00,9
1727,2018-05-20 07:00:00,44
1728,2018-05-20 08:00:00,167
1729,2018-05-20 09:00:00,344
1730,2018-05-20 10:00:00,517
1731,2018-05-20 11:00:00,490
1732,2018-05-20 12:00:00,492
1733,2018-05-20 13:00:00,390
1734,2018-05-20 14:00:00,654
1735,2018-05-20 15:00:00,607
1736,2018-05-20 16:00:00,650
1737,2018-05-20 17:00:00,679
1738,2018-05-20 18:00:00,774
1739,2018-05-20 19:00:00,650
1740,2018-05-20 20:00:00,660
1741,2018-05-20 21:00:00,823
1742,2018-05-20 22:00:00,605
1743,2018-05-20 23:00:00,699
1744,2018-05-21 00:00:00,193
1745,2018-05-21 01:00:00,2
1746,2018-05-21 02:00:00,1
1747,2018-05-21 03:00:00,0
1748,2018-05-21 04:00:00,3
1749,2018-05-21 05:00:00,10
1750,2018-05-21 06:00:00,14
1751,2018-05-21 07:00:00,440
1752,2018-05-21 08:00:00,605
1753,2018-05-21 09:00:00,670
1754,2018-05-21 10:00:00,769
1755,2018-05-21 11:00:00,704
1756,2018-05-21 12:00:00,664
1757,2018-05-21 13:00:00,641
1758,2018-05-21 14:00:00,561
1759,2018-05-21 15:00:00,630
1760,2018-05-21 16:00:00,682
1761,2018-05-21 17:00:00,599
1762,2018-05-21 18:00:00,708
1763,2018-05-21 19:00:00,686
1764,2018-05-21 20:00:00,606
1765,2018-05-21 21:00:00,726
1766,2018-05-21 22:00:00,523
1767,2018-05-21 23:00:00,428
1768,2018-05-22 00:00:00,244
1769,2018-05-22 01:00:00,0
1770,2018-05-22 02:00:00,0
1771,2018-05-22 03:00:00,0
1772,2018-05-22 04:00:00,2
1773,2018-05-22 05:00:00,6
1774,2018-05-22 06:00:00,32
1775,2018-05-22 07:00:00,404
1776,2018-05-22 08:00:00,458
1777,2018-05-22 09:00:00,728
1778,2018-05-22 10:00:00,705
1779,2018-05-22 11:00:00,618
1780,2018-05-22 12:00:00,597
1781,2018-05-22 13:00:00,431
1782,2018-05-22 14:00:00,552
1783,2018-05-22 15:00:00,595
1784,2018-05-22 16:00:00,583
1785,2018-05-22 17:00:00,501
1786,2018-05-22 18:00:00,541
1787,2018-05-22 19:00:00,570
1788,2018-05-22 20:00:00,442
1789,2018-05-22 21:00:00,520
1790,2018-05-22 22:00:00,698
1791,2018-05-22 23:00:00,596
1792,2018-05-23 00:00:00,388
1793,2018-05-23 01:00:00,26
1794,2018-05-23 02:00:00,0
1795,2018-05-23 03:00:00,0
1796,2018-05-23 04:00:00,7
1797,2018-05-23 05:00:00,7
1798,2018-05-23 06:00:00,8
1799,2018-05-23 07:00:00,275
1800,2018-05-23 08:00:00,425
1801,2018-05-23 09:00:00,597
1802,2018-05-23 10:00:00,519
1803,2018-05-23 11:00:00,530
1804,2018-05-23 12:00:00,571
1805,2018-05-23 13:00:00,505
1806,2018-05-23 14:00:00,520
1807,2018-05-23 15:00:00,646
1808,2018-05-23 16:00:00,648
1809,2018-05-23 17:00:00,590
1810,2018-05-23 18:00:00,594
1811,2018-05-23 19:00:00,708
1812,2018-05-23 20:00:00,554
1813,2018-05-23 21:00:00,664
1814,2018-05-23 22:00:00,434
1815,2018-05-23 23:00:00,443
1816,2018-05-24 00:00:00,149
1817,2018-05-24 01:00:00,0
1818,2018-05-24 02:00:00,0
1819,2018-05-24 03:00:00,1
1820,2018-05-24 04:00:00,4
1821,2018-05-24 05:00:00,7
1822,2018-05-24 06:00:00,27
1823,2018-05-24 07:00:00,201
1824,2018-05-24 08:00:00,363
1825,2018-05-24 09:00:00,463
1826,2018-05-24 10:00:00,498
1827,2018-05-24 11:00:00,481
1828,2018-05-24 12:00:00,464
1829,2018-05-24 13:00:00,428
1830,2018-05-24 14:00:00,481
1831,2018-05-24 15:00:00,605
1832,2018-05-24 16:00:00,589
1833,2018-05-24 17:00:00,534
1834,2018-05-24 18:00:00,620
1835,2018-05-24 19:00:00,720
1836,2018-05-24 20:00:00,589
1837,2018-05-24 21:00:00,739
1838,2018-05-24 22:00:00,507
1839,2018-05-24 23:00:00,468
1840,2018-05-25 00:00:00,98
1841,2018-05-25 01:00:00,1
1842,2018-05-25 02:00:00,0
1843,2018-05-25 03:00:00,2
1844,2018-05-25 04:00:00,2
1845,2018-05-25 05:00:00,9
1846,2018-05-25 06:00:00,4
1847,2018-05-25 07:00:00,132
1848,2018-05-25 08:00:00,278
1849,2018-05-25 09:00:00,424
1850,2018-05-25 10:00:00,450
1851,2018-05-25 11:00:00,416
1852,2018-05-25 12:00:00,458
1853,2018-05-25 13:00:00,453
1854,2018-05-25 14:00:00,462
1855,2018-05-25 15:00:00,474
1856,2018-05-25 16:00:00,590
1857,2018-05-25 17:00:00,591
1858,2018-05-25 18:00:00,444
1859,2018-05-25 19:00:00,501
1860,2018-05-25 20:00:00,409
1861,2018-05-25 21:00:00,506
1862,2018-05-25 22:00:00,443
1863,2018-05-25 23:00:00,328
1864,2018-05-26 00:00:00,76
1865,2018-05-26 01:00:00,0
1866,2018-05-26 02:00:00,0
1867,2018-05-26 03:00:00,0
1868,2018-05-26 04:00:00,3
1869,2018-05-26 05:00:00,6
1870,2018-05-26 06:00:00,4
1871,2018-05-26 07:00:00,38
1872,2018-05-26 08:00:00,134
1873,2018-05-26 09:00:00,156
1874,2018-05-26 10:00:00,345
1875,2018-05-26 11:00:00,286
1876,2018-05-26 12:00:00,286
1877,2018-05-26 13:00:00,212
1878,2018-05-26 14:00:00,290
1879,2018-05-26 15:00:00,284
1880,2018-05-26 16:00:00,205
1881,2018-05-26 17:00:00,173
1882,2018-05-26 18:00:00,311
1883,2018-05-26 19:00:00,211
1884,2018-05-26 20:00:00,140
1885,2018-05-26 21:00:00,188
1886,2018-05-26 22:00:00,186
1887,2018-05-26 23:00:00,232
1888,2018-05-27 00:00:00,65
1889,2018-05-27 01:00:00,0
1890,2018-05-27 02:00:00,0
1891,2018-05-27 03:00:00,0
1892,2018-05-27 04:00:00,2
1893,2018-05-27 05:00:00,4
1894,2018-05-27 06:00:00,4
1895,2018-05-27 07:00:00,17
1896,2018-05-27 08:00:00,54
1897,2018-05-27 09:00:00,136
1898,2018-05-27 10:00:00,276
1899,2018-05-27 11:00:00,290
1900,2018-05-27 12:00:00,246
1901,2018-05-27 13:00:00,261
1902,2018-05-27 14:00:00,245
1903,2018-05-27 15:00:00,477
1904,2018-05-27 16:00:00,411
1905,2018-05-27 17:00:00,447
1906,2018-05-27 18:00:00,450
1907,2018-05-27 19:00:00,267
1908,2018-05-27 20:00:00,189
1909,2018-05-27 21:00:00,413
1910,2018-05-27 22:00:00,225
1911,2018-05-27 23:00:00,344
1912,2018-05-28 00:00:00,147
1913,2018-05-28 01:00:00,8
1914,2018-05-28 02:00:00,0
1915,2018-05-28 03:00:00,1
1916,2018-05-28 04:00:00,2
1917,2018-05-28 05:00:00,5
1918,2018-05-28 06:00:00,5
1919,2018-05-28 07:00:00,98
1920,2018-05-28 08:00:00,240
1921,2018-05-28 09:00:00,305
1922,2018-05-28 10:00:00,444
1923,2018-05-28 11:00:00,399
1924,2018-05-28 12:00:00,332
1925,2018-05-28 13:00:00,377
1926,2018-05-28 14:00:00,696
1927,2018-05-28 15:00:00,628
1928,2018-05-28 16:00:00,663
1929,2018-05-28 17:00:00,689
1930,2018-05-28 18:00:00,808
1931,2018-05-28 19:00:00,774
1932,2018-05-28 20:00:00,592
1933,2018-05-28 21:00:00,697
1934,2018-05-28 22:00:00,754
1935,2018-05-28 23:00:00,717
1936,2018-05-29 00:00:00,201
1937,2018-05-29 01:00:00,3
1938,2018-05-29 02:00:00,0
1939,2018-05-29 03:00:00,1
1940,2018-05-29 04:00:00,1
1941,2018-05-29 05:00:00,7
1942,2018-05-29 06:00:00,44
1943,2018-05-29 07:00:00,423
1944,2018-05-29 08:00:00,631
1945,2018-05-29 09:00:00,827
1946,2018-05-29 10:00:00,664
1947,2018-05-29 11:00:00,733
1948,2018-05-29 12:00:00,719
1949,2018-05-29 13:00:00,608
1950,2018-05-29 14:00:00,561
1951,2018-05-29 15:00:00,637
1952,2018-05-29 16:00:00,670
1953,2018-05-29 17:00:00,630
1954,2018-05-29 18:00:00,630
1955,2018-05-29 19:00:00,595
1956,2018-05-29 20:00:00,518
1957,2018-05-29 21:00:00,634
1958,2018-05-29 22:00:00,564
1959,2018-05-29 23:00:00,364
1960,2018-05-30 00:00:00,134
1961,2018-05-30 01:00:00,2
1962,2018-05-30 02:00:00,1
1963,2018-05-30 03:00:00,0
1964,2018-05-30 04:00:00,2
1965,2018-05-30 05:00:00,4
1966,2018-05-30 06:00:00,9
1967,2018-05-30 07:00:00,282
1968,2018-05-30 08:00:00,491
1969,2018-05-30 09:00:00,564
1970,2018-05-30 10:00:00,662
1971,2018-05-30 11:00:00,600
1972,2018-05-30 12:00:00,637
1973,2018-05-30 13:00:00,538
1974,2018-05-30 14:00:00,510
1975,2018-05-30 15:00:00,546
1976,2018-05-30 16:00:00,551
1977,2018-05-30 17:00:00,619
1978,2018-05-30 18:00:00,635
1979,2018-05-30 19:00:00,527
1980,2018-05-30 20:00:00,461
1981,2018-05-30 21:00:00,535
1982,2018-05-30 22:00:00,455
1983,2018-05-30 23:00:00,391
1984,2018-05-31 00:00:00,300
1985,2018-05-31 01:00:00,10
1986,2018-05-31 02:00:00,0
1987,2018-05-31 03:00:00,2
1988,2018-05-31 04:00:00,1
1989,2018-05-31 05:00:00,3
1990,2018-05-31 06:00:00,22
1991,2018-05-31 07:00:00,197
1992,2018-05-31 08:00:00,403
1993,2018-05-31 09:00:00,503
1994,2018-05-31 10:00:00,568
1995,2018-05-31 11:00:00,463
1996,2018-05-31 12:00:00,555
1997,2018-05-31 13:00:00,405
1998,2018-05-31 14:00:00,517
1999,2018-05-31 15:00:00,566
2000,2018-05-31 16:00:00,571
2001,2018-05-31 17:00:00,667
2002,2018-05-31 18:00:00,538
2003,2018-05-31 19:00:00,625
2004,2018-05-31 20:00:00,466
2005,2018-05-31 21:00:00,581
2006,2018-05-31 22:00:00,654
2007,2018-05-31 23:00:00,577
2008,2018-06-01 00:00:00,467
2009,2018-06-01 01:00:00,50
2010,2018-06-01 02:00:00,0
2011,2018-06-01 03:00:00,1
2012,2018-06-01 04:00:00,2
2013,2018-06-01 05:00:00,8
2014,2018-06-01 06:00:00,12
2015,2018-06-01 07:00:00,49
2016,2018-06-01 08:00:00,183
2017,2018-06-01 09:00:00,475
2018,2018-06-01 10:00:00,344
2019,2018-06-01 11:00:00,553
2020,2018-06-01 12:00:00,567
2021,2018-06-01 13:00:00,500
2022,2018-06-01 14:00:00,514
2023,2018-06-01 15:00:00,539
2024,2018-06-01 16:00:00,601
2025,2018-06-01 17:00:00,614
2026,2018-06-01 18:00:00,538
2027,2018-06-01 19:00:00,482
2028,2018-06-01 20:00:00,423
2029,2018-06-01 21:00:00,501
2030,2018-06-01 22:00:00,511
2031,2018-06-01 23:00:00,502
2032,2018-06-02 00:00:00,334
2033,2018-06-02 01:00:00,14
2034,2018-06-02 02:00:00,0
2035,2018-06-02 03:00:00,0
2036,2018-06-02 04:00:00,3
2037,2018-06-02 05:00:00,12
2038,2018-06-02 06:00:00,10
2039,2018-06-02 07:00:00,37
2040,2018-06-02 08:00:00,100
2041,2018-06-02 09:00:00,151
2042,2018-06-02 10:00:00,384
2043,2018-06-02 11:00:00,264
2044,2018-06-02 12:00:00,392
2045,2018-06-02 13:00:00,236
2046,2018-06-02 14:00:00,313
2047,2018-06-02 15:00:00,348
2048,2018-06-02 16:00:00,242
2049,2018-06-02 17:00:00,372
2050,2018-06-02 18:00:00,233
2051,2018-06-02 19:00:00,382
2052,2018-06-02 20:00:00,216
2053,2018-06-02 21:00:00,279
2054,2018-06-02 22:00:00,263
2055,2018-06-02 23:00:00,258
2056,2018-06-03 00:00:00,119
2057,2018-06-03 01:00:00,3
2058,2018-06-03 02:00:00,0
2059,2018-06-03 03:00:00,1
2060,2018-06-03 04:00:00,2
2061,2018-06-03 05:00:00,1
2062,2018-06-03 06:00:00,3
2063,2018-06-03 07:00:00,25
2064,2018-06-03 08:00:00,162
2065,2018-06-03 09:00:00,280
2066,2018-06-03 10:00:00,510
2067,2018-06-03 11:00:00,467
2068,2018-06-03 12:00:00,500
2069,2018-06-03 13:00:00,412
2070,2018-06-03 14:00:00,598
2071,2018-06-03 15:00:00,649
2072,2018-06-03 16:00:00,667
2073,2018-06-03 17:00:00,629
2074,2018-06-03 18:00:00,703
2075,2018-06-03 19:00:00,691
2076,2018-06-03 20:00:00,672
2077,2018-06-03 21:00:00,633
2078,2018-06-03 22:00:00,687
2079,2018-06-03 23:00:00,689
2080,2018-06-04 00:00:00,253
2081,2018-06-04 01:00:00,28
2082,2018-06-04 02:00:00,0
2083,2018-06-04 03:00:00,2
2084,2018-06-04 04:00:00,4
2085,2018-06-04 05:00:00,15
2086,2018-06-04 06:00:00,15
2087,2018-06-04 07:00:00,424
2088,2018-06-04 08:00:00,452
2089,2018-06-04 09:00:00,719
2090,2018-06-04 10:00:00,796
2091,2018-06-04 11:00:00,775
2092,2018-06-04 12:00:00,650
2093,2018-06-04 13:00:00,482
2094,2018-06-04 14:00:00,632
2095,2018-06-04 15:00:00,669
2096,2018-06-04 16:00:00,641
2097,2018-06-04 17:00:00,558
2098,2018-06-04 18:00:00,735
2099,2018-06-04 19:00:00,565
2100,2018-06-04 20:00:00,605
2101,2018-06-04 21:00:00,687
2102,2018-06-04 22:00:00,546
2103,2018-06-04 23:00:00,534
2104,2018-06-05 00:00:00,155
2105,2018-06-05 01:00:00,4
2106,2018-06-05 02:00:00,0
2107,2018-06-05 03:00:00,0
2108,2018-06-05 04:00:00,2
2109,2018-06-05 05:00:00,9
2110,2018-06-05 06:00:00,13
2111,2018-06-05 07:00:00,344
2112,2018-06-05 08:00:00,392
2113,2018-06-05 09:00:00,640
2114,2018-06-05 10:00:00,661
2115,2018-06-05 11:00:00,569
2116,2018-06-05 12:00:00,586
2117,2018-06-05 13:00:00,439
2118,2018-06-05 14:00:00,549
2119,2018-06-05 15:00:00,586
2120,2018-06-05 16:00:00,533
2121,2018-06-05 17:00:00,593
2122,2018-06-05 18:00:00,523
2123,2018-06-05 19:00:00,722
2124,2018-06-05 20:00:00,490
2125,2018-06-05 21:00:00,681
2126,2018-06-05 22:00:00,539
2127,2018-06-05 23:00:00,510
2128,2018-06-06 00:00:00,62
2129,2018-06-06 01:00:00,0
2130,2018-06-06 02:00:00,0
2131,2018-06-06 03:00:00,0
2132,2018-06-06 04:00:00,6
2133,2018-06-06 05:00:00,4
2134,2018-06-06 06:00:00,9
2135,2018-06-06 07:00:00,338
2136,2018-06-06 08:00:00,426
2137,2018-06-06 09:00:00,646
2138,2018-06-06 10:00:00,604
2139,2018-06-06 11:00:00,605
2140,2018-06-06 12:00:00,598
2141,2018-06-06 13:00:00,431
2142,2018-06-06 14:00:00,569
2143,2018-06-06 15:00:00,624
2144,2018-06-06 16:00:00,659
2145,2018-06-06 17:00:00,647
2146,2018-06-06 18:00:00,581
2147,2018-06-06 19:00:00,672
2148,2018-06-06 20:00:00,535
2149,2018-06-06 21:00:00,704
2150,2018-06-06 22:00:00,527
2151,2018-06-06 23:00:00,414
2152,2018-06-07 00:00:00,109
2153,2018-06-07 01:00:00,3
2154,2018-06-07 02:00:00,0
2155,2018-06-07 03:00:00,3
2156,2018-06-07 04:00:00,3
2157,2018-06-07 05:00:00,10
2158,2018-06-07 06:00:00,17
2159,2018-06-07 07:00:00,263
2160,2018-06-07 08:00:00,373
2161,2018-06-07 09:00:00,563
2162,2018-06-07 10:00:00,646
2163,2018-06-07 11:00:00,592
2164,2018-06-07 12:00:00,501
2165,2018-06-07 13:00:00,451
2166,2018-06-07 14:00:00,620
2167,2018-06-07 15:00:00,646
2168,2018-06-07 16:00:00,674
2169,2018-06-07 17:00:00,618
2170,2018-06-07 18:00:00,670
2171,2018-06-07 19:00:00,633
2172,2018-06-07 20:00:00,598
2173,2018-06-07 21:00:00,590
2174,2018-06-07 22:00:00,668
2175,2018-06-07 23:00:00,498
2176,2018-06-08 00:00:00,193
2177,2018-06-08 01:00:00,1
2178,2018-06-08 02:00:00,0
2179,2018-06-08 03:00:00,1
2180,2018-06-08 04:00:00,2
2181,2018-06-08 05:00:00,6
2182,2018-06-08 06:00:00,32
2183,2018-06-08 07:00:00,163
2184,2018-06-08 08:00:00,328
2185,2018-06-08 09:00:00,458
2186,2018-06-08 10:00:00,514
2187,2018-06-08 11:00:00,547
2188,2018-06-08 12:00:00,498
2189,2018-06-08 13:00:00,432
2190,2018-06-08 14:00:00,565
2191,2018-06-08 15:00:00,629
2192,2018-06-08 16:00:00,596
2193,2018-06-08 17:00:00,545
2194,2018-06-08 18:00:00,563
2195,2018-06-08 19:00:00,578
2196,2018-06-08 20:00:00,631
2197,2018-06-08 21:00:00,454
2198,2018-06-08 22:00:00,509
2199,2018-06-08 23:00:00,392
2200,2018-06-09 00:00:00,164
2201,2018-06-09 01:00:00,5
2202,2018-06-09 02:00:00,0
2203,2018-06-09 03:00:00,0
2204,2018-06-09 04:00:00,1
2205,2018-06-09 05:00:00,3
2206,2018-06-09 06:00:00,11
2207,2018-06-09 07:00:00,40
2208,2018-06-09 08:00:00,147
2209,2018-06-09 09:00:00,165
2210,2018-06-09 10:00:00,240
2211,2018-06-09 11:00:00,407
2212,2018-06-09 12:00:00,343
2213,2018-06-09 13:00:00,227
2214,2018-06-09 14:00:00,288
2215,2018-06-09 15:00:00,359
2216,2018-06-09 16:00:00,272
2217,2018-06-09 17:00:00,381
2218,2018-06-09 18:00:00,274
2219,2018-06-09 19:00:00,326
2220,2018-06-09 20:00:00,246
2221,2018-06-09 21:00:00,384
2222,2018-06-09 22:00:00,167
2223,2018-06-09 23:00:00,242
2224,2018-06-10 00:00:00,168
2225,2018-06-10 01:00:00,8
2226,2018-06-10 02:00:00,0
2227,2018-06-10 03:00:00,0
2228,2018-06-10 04:00:00,2
2229,2018-06-10 05:00:00,8
2230,2018-06-10 06:00:00,9
2231,2018-06-10 07:00:00,42
2232,2018-06-10 08:00:00,128
2233,2018-06-10 09:00:00,264
2234,2018-06-10 10:00:00,397
2235,2018-06-10 11:00:00,487
2236,2018-06-10 12:00:00,422
2237,2018-06-10 13:00:00,517
2238,2018-06-10 14:00:00,546
2239,2018-06-10 15:00:00,442
2240,2018-06-10 16:00:00,726
2241,2018-06-10 17:00:00,593
2242,2018-06-10 18:00:00,741
2243,2018-06-10 19:00:00,671
2244,2018-06-10 20:00:00,548
2245,2018-06-10 21:00:00,659
2246,2018-06-10 22:00:00,693
2247,2018-06-10 23:00:00,718
2248,2018-06-11 00:00:00,300
2249,2018-06-11 01:00:00,1
2250,2018-06-11 02:00:00,0
2251,2018-06-11 03:00:00,0
2252,2018-06-11 04:00:00,2
2253,2018-06-11 05:00:00,10
2254,2018-06-11 06:00:00,13
2255,2018-06-11 07:00:00,425
2256,2018-06-11 08:00:00,549
2257,2018-06-11 09:00:00,698
2258,2018-06-11 10:00:00,633
2259,2018-06-11 11:00:00,706
2260,2018-06-11 12:00:00,619
2261,2018-06-11 13:00:00,585
2262,2018-06-11 14:00:00,523
2263,2018-06-11 15:00:00,589
2264,2018-06-11 16:00:00,663
2265,2018-06-11 17:00:00,665
2266,2018-06-11 18:00:00,513
2267,2018-06-11 19:00:00,633
2268,2018-06-11 20:00:00,545
2269,2018-06-11 21:00:00,599
2270,2018-06-11 22:00:00,618
2271,2018-06-11 23:00:00,500
2272,2018-06-12 00:00:00,185
2273,2018-06-12 01:00:00,0
2274,2018-06-12 02:00:00,0
2275,2018-06-12 03:00:00,0
2276,2018-06-12 04:00:00,2
2277,2018-06-12 05:00:00,3
2278,2018-06-12 06:00:00,23
2279,2018-06-12 07:00:00,301
2280,2018-06-12 08:00:00,431
2281,2018-06-12 09:00:00,631
2282,2018-06-12 10:00:00,662
2283,2018-06-12 11:00:00,579
2284,2018-06-12 12:00:00,583
2285,2018-06-12 13:00:00,487
2286,2018-06-12 14:00:00,577
2287,2018-06-12 15:00:00,489
2288,2018-06-12 16:00:00,674
2289,2018-06-12 17:00:00,593
2290,2018-06-12 18:00:00,692
2291,2018-06-12 19:00:00,580
2292,2018-06-12 20:00:00,548
2293,2018-06-12 21:00:00,687
2294,2018-06-12 22:00:00,433
2295,2018-06-12 23:00:00,491
2296,2018-06-13 00:00:00,112
2297,2018-06-13 01:00:00,9
2298,2018-06-13 02:00:00,0
2299,2018-06-13 03:00:00,2
2300,2018-06-13 04:00:00,2
2301,2018-06-13 05:00:00,3
2302,2018-06-13 06:00:00,28
2303,2018-06-13 07:00:00,267
2304,2018-06-13 08:00:00,363
2305,2018-06-13 09:00:00,599
2306,2018-06-13 10:00:00,587
2307,2018-06-13 11:00:00,560
2308,2018-06-13 12:00:00,608
2309,2018-06-13 13:00:00,477
2310,2018-06-13 14:00:00,597
2311,2018-06-13 15:00:00,573
2312,2018-06-13 16:00:00,689
2313,2018-06-13 17:00:00,639
2314,2018-06-13 18:00:00,569
2315,2018-06-13 19:00:00,643
2316,2018-06-13 20:00:00,555
2317,2018-06-13 21:00:00,447
2318,2018-06-13 22:00:00,587
2319,2018-06-13 23:00:00,588
2320,2018-06-14 00:00:00,273
2321,2018-06-14 01:00:00,17
2322,2018-06-14 02:00:00,0
2323,2018-06-14 03:00:00,1
2324,2018-06-14 04:00:00,3
2325,2018-06-14 05:00:00,5
2326,2018-06-14 06:00:00,21
2327,2018-06-14 07:00:00,241
2328,2018-06-14 08:00:00,386
2329,2018-06-14 09:00:00,604
2330,2018-06-14 10:00:00,543
2331,2018-06-14 11:00:00,536
2332,2018-06-14 12:00:00,527
2333,2018-06-14 13:00:00,467
2334,2018-06-14 14:00:00,557
2335,2018-06-14 15:00:00,569
2336,2018-06-14 16:00:00,654
2337,2018-06-14 17:00:00,574
2338,2018-06-14 18:00:00,630
2339,2018-06-14 19:00:00,677
2340,2018-06-14 20:00:00,607
2341,2018-06-14 21:00:00,659
2342,2018-06-14 22:00:00,511
2343,2018-06-14 23:00:00,512
2344,2018-06-15 00:00:00,218
2345,2018-06-15 01:00:00,4
2346,2018-06-15 02:00:00,0
2347,2018-06-15 03:00:00,0
2348,2018-06-15 04:00:00,2
2349,2018-06-15 05:00:00,9
2350,2018-06-15 06:00:00,28
2351,2018-06-15 07:00:00,162
2352,2018-06-15 08:00:00,256
2353,2018-06-15 09:00:00,437
2354,2018-06-15 10:00:00,516
2355,2018-06-15 11:00:00,477
2356,2018-06-15 12:00:00,506
2357,2018-06-15 13:00:00,461
2358,2018-06-15 14:00:00,472
2359,2018-06-15 15:00:00,420
2360,2018-06-15 16:00:00,538
2361,2018-06-15 17:00:00,657
2362,2018-06-15 18:00:00,498
2363,2018-06-15 19:00:00,486
2364,2018-06-15 20:00:00,477
2365,2018-06-15 21:00:00,481
2366,2018-06-15 22:00:00,602
2367,2018-06-15 23:00:00,412
2368,2018-06-16 00:00:00,227
2369,2018-06-16 01:00:00,7
2370,2018-06-16 02:00:00,1
2371,2018-06-16 03:00:00,1
2372,2018-06-16 04:00:00,2
2373,2018-06-16 05:00:00,6
2374,2018-06-16 06:00:00,29
2375,2018-06-16 07:00:00,37
2376,2018-06-16 08:00:00,141
2377,2018-06-16 09:00:00,192
2378,2018-06-16 10:00:00,253
2379,2018-06-16 11:00:00,400
2380,2018-06-16 12:00:00,301
2381,2018-06-16 13:00:00,223
2382,2018-06-16 14:00:00,285
2383,2018-06-16 15:00:00,329
2384,2018-06-16 16:00:00,298
2385,2018-06-16 17:00:00,378
2386,2018-06-16 18:00:00,243
2387,2018-06-16 19:00:00,228
2388,2018-06-16 20:00:00,172
2389,2018-06-16 21:00:00,280
2390,2018-06-16 22:00:00,251
2391,2018-06-16 23:00:00,225
2392,2018-06-17 00:00:00,71
2393,2018-06-17 01:00:00,5
2394,2018-06-17 02:00:00,1
2395,2018-06-17 03:00:00,2
2396,2018-06-17 04:00:00,0
2397,2018-06-17 05:00:00,6
2398,2018-06-17 06:00:00,6
2399,2018-06-17 07:00:00,35
2400,2018-06-17 08:00:00,147
2401,2018-06-17 09:00:00,231
2402,2018-06-17 10:00:00,383
2403,2018-06-17 11:00:00,485
2404,2018-06-17 12:00:00,322
2405,2018-06-17 13:00:00,460
2406,2018-06-17 14:00:00,485
2407,2018-06-17 15:00:00,512
2408,2018-06-17 16:00:00,603
2409,2018-06-17 17:00:00,693
2410,2018-06-17 18:00:00,637
2411,2018-06-17 19:00:00,746
2412,2018-06-17 20:00:00,655
2413,2018-06-17 21:00:00,770
2414,2018-06-17 22:00:00,621
2415,2018-06-17 23:00:00,581
2416,2018-06-18 00:00:00,251
2417,2018-06-18 01:00:00,2
2418,2018-06-18 02:00:00,0
2419,2018-06-18 03:00:00,0
2420,2018-06-18 04:00:00,2
2421,2018-06-18 05:00:00,8
2422,2018-06-18 06:00:00,52
2423,2018-06-18 07:00:00,406
2424,2018-06-18 08:00:00,592
2425,2018-06-18 09:00:00,693
2426,2018-06-18 10:00:00,755
2427,2018-06-18 11:00:00,665
2428,2018-06-18 12:00:00,675
2429,2018-06-18 13:00:00,524
2430,2018-06-18 14:00:00,615
2431,2018-06-18 15:00:00,582
2432,2018-06-18 16:00:00,598
2433,2018-06-18 17:00:00,562
2434,2018-06-18 18:00:00,545
2435,2018-06-18 19:00:00,715
2436,2018-06-18 20:00:00,443
2437,2018-06-18 21:00:00,372
2438,2018-06-18 22:00:00,419
2439,2018-06-18 23:00:00,599
2440,2018-06-19 00:00:00,511
2441,2018-06-19 01:00:00,172
2442,2018-06-19 02:00:00,0
2443,2018-06-19 03:00:00,2
2444,2018-06-19 04:00:00,2
2445,2018-06-19 05:00:00,10
2446,2018-06-19 06:00:00,52
2447,2018-06-19 07:00:00,364
2448,2018-06-19 08:00:00,409
2449,2018-06-19 09:00:00,686
2450,2018-06-19 10:00:00,505
2451,2018-06-19 11:00:00,638
2452,2018-06-19 12:00:00,608
2453,2018-06-19 13:00:00,489
2454,2018-06-19 14:00:00,599
2455,2018-06-19 15:00:00,433
2456,2018-06-19 16:00:00,475
2457,2018-06-19 17:00:00,578
2458,2018-06-19 18:00:00,401
2459,2018-06-19 19:00:00,500
2460,2018-06-19 20:00:00,643
2461,2018-06-19 21:00:00,609
2462,2018-06-19 22:00:00,628
2463,2018-06-19 23:00:00,522
2464,2018-06-20 00:00:00,215
2465,2018-06-20 01:00:00,149
2466,2018-06-20 02:00:00,1
2467,2018-06-20 03:00:00,0
2468,2018-06-20 04:00:00,3
2469,2018-06-20 05:00:00,7
2470,2018-06-20 06:00:00,17
2471,2018-06-20 07:00:00,278
2472,2018-06-20 08:00:00,489
2473,2018-06-20 09:00:00,680
2474,2018-06-20 10:00:00,616
2475,2018-06-20 11:00:00,596
2476,2018-06-20 12:00:00,550
2477,2018-06-20 13:00:00,529
2478,2018-06-20 14:00:00,582
2479,2018-06-20 15:00:00,573
2480,2018-06-20 16:00:00,544
2481,2018-06-20 17:00:00,529
2482,2018-06-20 18:00:00,679
2483,2018-06-20 19:00:00,688
2484,2018-06-20 20:00:00,587
2485,2018-06-20 21:00:00,662
2486,2018-06-20 22:00:00,605
2487,2018-06-20 23:00:00,446
2488,2018-06-21 00:00:00,306
2489,2018-06-21 01:00:00,60
2490,2018-06-21 02:00:00,28
2491,2018-06-21 03:00:00,2
2492,2018-06-21 04:00:00,3
2493,2018-06-21 05:00:00,5
2494,2018-06-21 06:00:00,24
2495,2018-06-21 07:00:00,320
2496,2018-06-21 08:00:00,342
2497,2018-06-21 09:00:00,596
2498,2018-06-21 10:00:00,604
2499,2018-06-21 11:00:00,493
2500,2018-06-21 12:00:00,598
2501,2018-06-21 13:00:00,390
2502,2018-06-21 14:00:00,580
2503,2018-06-21 15:00:00,503
2504,2018-06-21 16:00:00,609
2505,2018-06-21 17:00:00,636
2506,2018-06-21 18:00:00,653
2507,2018-06-21 19:00:00,668
2508,2018-06-21 20:00:00,471
2509,2018-06-21 21:00:00,675
2510,2018-06-21 22:00:00,562
2511,2018-06-21 23:00:00,545
2512,2018-06-22 00:00:00,323
2513,2018-06-22 01:00:00,31
2514,2018-06-22 02:00:00,1
2515,2018-06-22 03:00:00,1
2516,2018-06-22 04:00:00,3
2517,2018-06-22 05:00:00,9
2518,2018-06-22 06:00:00,29
2519,2018-06-22 07:00:00,177
2520,2018-06-22 08:00:00,317
2521,2018-06-22 09:00:00,477
2522,2018-06-22 10:00:00,461
2523,2018-06-22 11:00:00,490
2524,2018-06-22 12:00:00,501
2525,2018-06-22 13:00:00,502
2526,2018-06-22 14:00:00,470
2527,2018-06-22 15:00:00,611
2528,2018-06-22 16:00:00,452
2529,2018-06-22 17:00:00,532
2530,2018-06-22 18:00:00,591
2531,2018-06-22 19:00:00,495
2532,2018-06-22 20:00:00,516
2533,2018-06-22 21:00:00,466
2534,2018-06-22 22:00:00,487
2535,2018-06-22 23:00:00,329
2536,2018-06-23 00:00:00,240
2537,2018-06-23 01:00:00,48
2538,2018-06-23 02:00:00,2
2539,2018-06-23 03:00:00,0
2540,2018-06-23 04:00:00,4
2541,2018-06-23 05:00:00,6
2542,2018-06-23 06:00:00,22
2543,2018-06-23 07:00:00,30
2544,2018-06-23 08:00:00,165
2545,2018-06-23 09:00:00,184
2546,2018-06-23 10:00:00,306
2547,2018-06-23 11:00:00,353
2548,2018-06-23 12:00:00,284
2549,2018-06-23 13:00:00,320
2550,2018-06-23 14:00:00,272
2551,2018-06-23 15:00:00,308
2552,2018-06-23 16:00:00,280
2553,2018-06-23 17:00:00,402
2554,2018-06-23 18:00:00,292
2555,2018-06-23 19:00:00,228
2556,2018-06-23 20:00:00,137
2557,2018-06-23 21:00:00,314
2558,2018-06-23 22:00:00,213
2559,2018-06-23 23:00:00,241
2560,2018-06-24 00:00:00,45
2561,2018-06-24 01:00:00,3
2562,2018-06-24 02:00:00,0
2563,2018-06-24 03:00:00,0
2564,2018-06-24 04:00:00,3
2565,2018-06-24 05:00:00,7
2566,2018-06-24 06:00:00,16
2567,2018-06-24 07:00:00,37
2568,2018-06-24 08:00:00,169
2569,2018-06-24 09:00:00,242
2570,2018-06-24 10:00:00,394
2571,2018-06-24 11:00:00,546
2572,2018-06-24 12:00:00,418
2573,2018-06-24 13:00:00,457
2574,2018-06-24 14:00:00,487
2575,2018-06-24 15:00:00,563
2576,2018-06-24 16:00:00,496
2577,2018-06-24 17:00:00,323
2578,2018-06-24 18:00:00,368
2579,2018-06-24 19:00:00,508
2580,2018-06-24 20:00:00,536
2581,2018-06-24 21:00:00,371
2582,2018-06-24 22:00:00,566
2583,2018-06-24 23:00:00,424
2584,2018-06-25 00:00:00,576
2585,2018-06-25 01:00:00,533
2586,2018-06-25 02:00:00,159
2587,2018-06-25 03:00:00,4
2588,2018-06-25 04:00:00,5
2589,2018-06-25 05:00:00,23
2590,2018-06-25 06:00:00,73
2591,2018-06-25 07:00:00,408
2592,2018-06-25 08:00:00,502
2593,2018-06-25 09:00:00,626
2594,2018-06-25 10:00:00,652
2595,2018-06-25 11:00:00,639
2596,2018-06-25 12:00:00,590
2597,2018-06-25 13:00:00,586
2598,2018-06-25 14:00:00,580
2599,2018-06-25 15:00:00,483
2600,2018-06-25 16:00:00,498
2601,2018-06-25 17:00:00,550
2602,2018-06-25 18:00:00,642
2603,2018-06-25 19:00:00,481
2604,2018-06-25 20:00:00,508
2605,2018-06-25 21:00:00,651
2606,2018-06-25 22:00:00,476
2607,2018-06-25 23:00:00,607
2608,2018-06-26 00:00:00,338
2609,2018-06-26 01:00:00,75
2610,2018-06-26 02:00:00,2
2611,2018-06-26 03:00:00,2
2612,2018-06-26 04:00:00,4
2613,2018-06-26 05:00:00,8
2614,2018-06-26 06:00:00,58
2615,2018-06-26 07:00:00,247
2616,2018-06-26 08:00:00,400
2617,2018-06-26 09:00:00,594
2618,2018-06-26 10:00:00,511
2619,2018-06-26 11:00:00,514
2620,2018-06-26 12:00:00,448
2621,2018-06-26 13:00:00,425
2622,2018-06-26 14:00:00,505
2623,2018-06-26 15:00:00,532
2624,2018-06-26 16:00:00,441
2625,2018-06-26 17:00:00,505
2626,2018-06-26 18:00:00,596
2627,2018-06-26 19:00:00,563
2628,2018-06-26 20:00:00,541
2629,2018-06-26 21:00:00,602
2630,2018-06-26 22:00:00,438
2631,2018-06-26 23:00:00,339
2632,2018-06-27 00:00:00,168
2633,2018-06-27 01:00:00,3
2634,2018-06-27 02:00:00,0
2635,2018-06-27 03:00:00,1
2636,2018-06-27 04:00:00,2
2637,2018-06-27 05:00:00,11
2638,2018-06-27 06:00:00,29
2639,2018-06-27 07:00:00,301
2640,2018-06-27 08:00:00,358
2641,2018-06-27 09:00:00,553
2642,2018-06-27 10:00:00,534
2643,2018-06-27 11:00:00,463
2644,2018-06-27 12:00:00,628
2645,2018-06-27 13:00:00,368
2646,2018-06-27 14:00:00,541
2647,2018-06-27 15:00:00,480
2648,2018-06-27 16:00:00,542
2649,2018-06-27 17:00:00,572
2650,2018-06-27 18:00:00,589
2651,2018-06-27 19:00:00,631
2652,2018-06-27 20:00:00,498
2653,2018-06-27 21:00:00,596
2654,2018-06-27 22:00:00,507
2655,2018-06-27 23:00:00,486
2656,2018-06-28 00:00:00,182
2657,2018-06-28 01:00:00,4
2658,2018-06-28 02:00:00,0
2659,2018-06-28 03:00:00,0
2660,2018-06-28 04:00:00,2
2661,2018-06-28 05:00:00,5
2662,2018-06-28 06:00:00,15
2663,2018-06-28 07:00:00,77
2664,2018-06-28 08:00:00,273
2665,2018-06-28 09:00:00,432
2666,2018-06-28 10:00:00,498
2667,2018-06-28 11:00:00,491
2668,2018-06-28 12:00:00,533
2669,2018-06-28 13:00:00,406
2670,2018-06-28 14:00:00,458
2671,2018-06-28 15:00:00,377
2672,2018-06-28 16:00:00,374
2673,2018-06-28 17:00:00,245
2674,2018-06-28 18:00:00,388
2675,2018-06-28 19:00:00,610
2676,2018-06-28 20:00:00,474
2677,2018-06-28 21:00:00,500
2678,2018-06-28 22:00:00,684
2679,2018-06-28 23:00:00,615
2680,2018-06-29 00:00:00,450
2681,2018-06-29 01:00:00,348
2682,2018-06-29 02:00:00,90
2683,2018-06-29 03:00:00,4
2684,2018-06-29 04:00:00,4
2685,2018-06-29 05:00:00,15
2686,2018-06-29 06:00:00,34
2687,2018-06-29 07:00:00,163
2688,2018-06-29 08:00:00,325
2689,2018-06-29 09:00:00,372
2690,2018-06-29 10:00:00,504
2691,2018-06-29 11:00:00,470
2692,2018-06-29 12:00:00,462
2693,2018-06-29 13:00:00,508
2694,2018-06-29 14:00:00,546
2695,2018-06-29 15:00:00,522
2696,2018-06-29 16:00:00,555
2697,2018-06-29 17:00:00,645
2698,2018-06-29 18:00:00,555
2699,2018-06-29 19:00:00,543
2700,2018-06-29 20:00:00,491
2701,2018-06-29 21:00:00,568
2702,2018-06-29 22:00:00,510
2703,2018-06-29 23:00:00,395
2704,2018-06-30 00:00:00,141
2705,2018-06-30 01:00:00,1
2706,2018-06-30 02:00:00,4
2707,2018-06-30 03:00:00,0
2708,2018-06-30 04:00:00,1
2709,2018-06-30 05:00:00,6
2710,2018-06-30 06:00:00,22
2711,2018-06-30 07:00:00,56
2712,2018-06-30 08:00:00,167
2713,2018-06-30 09:00:00,226
2714,2018-06-30 10:00:00,359
2715,2018-06-30 11:00:00,276
2716,2018-06-30 12:00:00,309
2717,2018-06-30 13:00:00,207
2718,2018-06-30 14:00:00,270
2719,2018-06-30 15:00:00,308
2720,2018-06-30 16:00:00,273
2721,2018-06-30 17:00:00,367
2722,2018-06-30 18:00:00,298
2723,2018-06-30 19:00:00,250
2724,2018-06-30 20:00:00,183
2725,2018-06-30 21:00:00,278
2726,2018-06-30 22:00:00,169
2727,2018-06-30 23:00:00,235
